Date,Open,High,Low,Close
01-Mar-16,7110.27,7321.45,7106.26,7309.69
02-Mar-16,7387.29,7466.48,7387.29,7453.51
03-Mar-16,7496.23,7565.55,7486.22,7555.93
04-Mar-16,7581.52,7596.56,7533.54,7581.57
08-Mar-16,7586.14,7625.57,7538.85,7582.78
09-Mar-16,7551.73,7636.48,7520.41,7629.57
10-Mar-16,7642.82,7646.31,7547.38,7582.6
11-Mar-16,7582.16,7640.53,7558.78,7604.43
14-Mar-16,7633.28,7679.34,7609.88,7630.28
15-Mar-16,7639.63,7642.23,7550.53,7561.14
16-Mar-16,7560.11,7591.36,7490.66,7585.29
17-Mar-16,7636.15,7672.67,7570.19,7600.28
18-Mar-16,7617.88,7694.48,7602.59,7686.29
21-Mar-16,7706.17,7800.21,7701.65,7790.19
22-Mar-16,7806.5,7821.75,7734.42,7807.12
23-Mar-16,7807,7816.33,7766.04,7807.85
28-Mar-16,7827.84,7831.43,7678.62,7702.24
29-Mar-16,7704.21,7737.79,7665.98,7687.14
30-Mar-16,7736.85,7827.8,7736.41,7823.12
31-Mar-16,7832.67,7864.77,7796.83,7835.45
01-Apr-16,7830.1,7844.8,7776.26,7818.4
04-Apr-16,7839.58,7863.53,7809.84,7858.73
05-Apr-16,7853.32,7853.32,7690.45,7702.69
06-Apr-16,7729.37,7734.09,7688.86,7717.83
07-Apr-16,7746,7748.8,7644.47,7655.79
08-Apr-16,7652.8,7679.5,7635.85,7668.1
11-Apr-16,7696.1,7783.13,7633.7,7776.09
12-Apr-16,7786.92,7829.72,7776.87,7820.16
13-Apr-16,7879.04,7973.15,7879.04,7956.38
18-Apr-16,8005.27,8025.71,7950.44,8019.47
20-Apr-16,8053.43,8063.99,7991.6,8026.22
21-Apr-16,8060.91,8094.96,8001.07,8025.92
22-Apr-16,8028.08,8046.25,7994.89,8022.05
25-Apr-16,8036.89,8036.89,7952.42,7980.17
26-Apr-16,7963.13,8094.43,7949.73,8082.95
27-Apr-16,8077.35,8112.4,8060.63,8100.2
28-Apr-16,8100.06,8114.83,7961.1,7972.13
29-Apr-16,7972.93,8014.85,7910.28,7973.88
02-May-16,7967.86,7971.95,7920.08,7952.22
03-May-16,7970.55,8035.38,7881,7891.91
04-May-16,7884.91,7888.11,7821.26,7832.77
05-May-16,7856.71,7901.96,7830.18,7863
06-May-16,7856.86,7868.65,7807.07,7860.61
09-May-16,7887.18,7998.42,7884.77,7990.42
10-May-16,7992.41,8019.54,7965.94,8009.02
11-May-16,7945.61,8017.39,7901.44,7969.92
12-May-16,7996.14,8040.6,7980.8,8030.37
13-May-16,8019.63,8019.91,7922.91,7944.5
16-May-16,7953.38,7998.72,7903.34,7987.85
17-May-16,8017.95,8061.5,8003.72,8014.33
18-May-16,7989.88,8005.82,7938.55,7995.91
19-May-16,7999.47,8000.44,7888.1,7901.22
20-May-16,7910.65,7935.67,7855.52,7869.89
23-May-16,7904.21,7926.45,7844.71,7851.53
24-May-16,7859.04,7874.16,7828.08,7863.81
25-May-16,7906.76,8045.62,7906.59,8040.03
26-May-16,8070.56,8182.09,8054.82,8170.77
27-May-16,8186.16,8274.97,8185.5,8266.43
30-May-16,8285.52,8315.07,8263.16,8288.71
31-May-16,8318,8322.9,8246.93,8276.73
01-Jun-16,8285.54,8331.56,8277.25,8284.23
02-Jun-16,8279.35,8337.95,8263.73,8325.92
03-Jun-16,8352.48,8375.36,8316.61,8329.02
06-Jun-16,8345.11,8346.2,8293.94,8311.64
07-Jun-16,8329.54,8401.24,8327.24,8372.43
08-Jun-16,8390.36,8397.47,8364.45,8385.7
09-Jun-16,8384.44,8386.05,8306.46,8326.44
10-Jun-16,8321.04,8385.62,8286.27,8291.57
13-Jun-16,8244.02,8244.13,8182.04,8232.98
14-Jun-16,8257.04,8258.74,8194.83,8233.05
15-Jun-16,8260.37,8331.38,8251.11,8323.26
16-Jun-16,8315.23,8315.23,8196.76,8261.29
17-Jun-16,8296.45,8320.13,8255.55,8284.14
20-Jun-16,8246.71,8361.83,8228.43,8356.93
21-Jun-16,8369.02,8372.81,8329.12,8340.65
22-Jun-16,8339.16,8363.9,8282.01,8322.62
23-Jun-16,8320.21,8400.16,8307.76,8383.85
24-Jun-16,8195.3,8215.27,8038.17,8204.75
27-Jun-16,8195.03,8252.53,8181.49,8226.29
28-Jun-16,8231.11,8281.85,8223.64,8266.03
29-Jun-16,8297.17,8346.64,8295.68,8336.05
30-Jun-16,8382.98,8442.58,8379.87,8429.96
01-Jul-16,8448.89,8509.02,8448.84,8486.19
04-Jul-16,8528.86,8562.67,8523.54,8530.77
05-Jul-16,8546.86,8551.84,8487.33,8501.49
07-Jul-16,8515.44,8528.74,8486.66,8501.27
08-Jul-16,8526.17,8527.2,8453.61,8488.56
11-Jul-16,8553.25,8643.48,8552.84,8638.03
12-Jul-16,8655.47,8697.47,8649.89,8691.23
13-Jul-16,8718.81,8724.28,8665.21,8684.82
14-Jul-16,8695.08,8739.3,8674.82,8734.16
15-Jul-16,8747.27,8774.6,8691.56,8712.3
18-Jul-16,8739.95,8763.71,8664.8,8677.86
19-Jul-16,8688.88,8704.19,8641.27,8691.87
20-Jul-16,8692.16,8746.23,8689.73,8741.05
21-Jul-16,8764.4,8768.38,8681.44,8687.27
22-Jul-16,8693.46,8740.83,8670.04,8735.21
25-Jul-16,8731.39,8834.39,8723.99,8830.36
26-Jul-16,8843.42,8855.9,8781.43,8795.96
27-Jul-16,8803.17,8871.44,8780.76,8829.23
28-Jul-16,8857.13,8885.67,8837.54,8875.16
29-Jul-16,8887.45,8893.01,8850.43,8856.01
01-Aug-16,8876.18,8932.86,8802.3,8852.99
02-Aug-16,8871.04,8908.58,8821.09,8828.97
03-Aug-16,8846.42,8847.52,8723.52,8738.91
04-Aug-16,8801.76,8807.53,8714.01,8753.5
05-Aug-16,8785.55,8898.72,8782.79,8890.33
08-Aug-16,8922.49,8945.38,8913.19,8934.16
09-Aug-16,8960.04,8960.04,8856.16,8895.07
10-Aug-16,8908.63,8911.45,8770.56,8781.58
11-Aug-16,8790.06,8806.59,8738.13,8794.06
12-Aug-16,8811.25,8893.13,8806.95,8874.27
16-Aug-16,8889.86,8899.81,8817.76,8862.41
17-Aug-16,8864.13,8896.41,8832.66,8853.66
18-Aug-16,8876.81,8921.45,8876.61,8904.33
19-Aug-16,8923.59,8932.6,8885.96,8906
22-Aug-16,8913.11,8930.14,8854.35,8868.14
23-Aug-16,8873.56,8878.33,8816.25,8865.66
24-Aug-16,8887.18,8905.86,8866.81,8896.04
25-Aug-16,8912.99,8930.29,8830.9,8840.37
26-Aug-16,8856.27,8874.76,8800.09,8824.28
29-Aug-16,8838.59,8866.95,8793.57,8854.24
30-Aug-16,8886.39,9014.34,8886,8985.53
31-Aug-16,9000.95,9057.51,9000.12,9021.45
01-Sep-16,9024.1,9050.26,8982.98,8999.65
02-Sep-16,9019.96,9049.43,8998.45,9035.82
06-Sep-16,9064.09,9186.3,9064.09,9177.17
07-Sep-16,9198.88,9211.05,9162.11,9168.93
08-Sep-16,9171.17,9211.03,9149.92,9203.02
09-Sep-16,9204.45,9204.52,9111.25,9120.03
12-Sep-16,9025.99,9026,8926.44,8940.59
14-Sep-16,8950.12,8983.03,8924.42,8976
15-Sep-16,8984.18,8992.71,8944.35,8972.98
16-Sep-16,9006.2,9091.37,8985.72,9018.31
19-Sep-16,9029.98,9060.87,9010.36,9040.49
20-Sep-16,9056.26,9058.12,8994.4,9008.92
21-Sep-16,9016.89,9061.17,8992.29,9005.76
22-Sep-16,9082.36,9125.86,9068.91,9104.7
23-Sep-16,9117.8,9121.55,9067.11,9078.31
26-Sep-16,9066.21,9066.21,8973.64,8980.44
27-Sep-16,9001.17,9023.7,8944.41,8959.19
28-Sep-16,8957.27,9024.53,8957.27,9005.12
29-Sep-16,9043.83,9064.82,8776.35,8812.87
30-Sep-16,8808.69,8887.98,8780.34,8863.71
03-Oct-16,8905.39,9017.04,8895.34,9010.51
04-Oct-16,9044.85,9060.2,9009.75,9046.32
05-Oct-16,9077.35,9088.83,9014.9,9030.7
06-Oct-16,9051.22,9081.14,8972.59,9000.54
07-Oct-16,9009.57,9025.18,8952.72,8988.92
10-Oct-16,9012.76,9038.59,8989.73,8994.19
13-Oct-16,8988.62,8988.62,8807.25,8847.04
14-Oct-16,8867.43,8883.27,8829.03,8867.4
17-Oct-16,8896.81,8902.44,8782.83,8795.56
18-Oct-16,8831.84,8962.07,8830.8,8957.95
19-Oct-16,8977.31,8983.8,8925.53,8950.66
20-Oct-16,8969.41,9021.42,8969.41,8990.13
21-Oct-16,9003.98,9003.98,8947.65,8990.65
24-Oct-16,9011.29,9034.84,8985.8,9008.94
25-Oct-16,9006.26,9015.77,8956.57,8989.74
26-Oct-16,8978.52,8978.52,8887.95,8911.76
27-Oct-16,8900.52,8908.08,8833.02,8895.3
28-Oct-16,8920.47,8940.42,8870.7,8925.39
30-Oct-16,8965.41,8975.37,8916.8,8928.2
01-Nov-16,8941.88,8970.31,8913.25,8920.18
02-Nov-16,8862.92,8862.96,8788.51,8797.42
03-Nov-16,8796.68,8827.33,8742.73,8753.42
04-Nov-16,8761.7,8767.93,8651.22,8684.88
07-Nov-16,8765.79,8795.82,8735.87,8754.54
08-Nov-16,8779.43,8812.74,8735.94,8796.13
09-Nov-16,8380.82,8715.25,8208.82,8673.18
10-Nov-16,8786.25,8861.61,8769.44,8786.49
11-Nov-16,8728.83,8728.83,8522.22,8537.57
15-Nov-16,8546.51,8546.79,8302.41,8317.5
16-Nov-16,8380.79,8427.65,8305.04,8322.93
17-Nov-16,8330.18,8374.5,8279.24,8304.76
18-Nov-16,8319.25,8354.42,8272.78,8299.01
21-Nov-16,8326.28,8330.57,8124.09,8137.69
22-Nov-16,8186.08,8234.57,8143.38,8218.14
23-Nov-16,8263.28,8277.39,8195.34,8260.55
24-Nov-16,8255.76,8255.76,8182.69,8206.62
25-Nov-16,8239.3,8359.79,8215.13,8350.96
28-Nov-16,8345.86,8393.79,8312.61,8371.89
29-Nov-16,8392.72,8446.11,8375.93,8390.39
30-Nov-16,8415.57,8487.68,8391.38,8479.68
01-Dec-16,8509.54,8513.16,8430.83,8436.01
02-Dec-16,8402.52,8402.52,8311.5,8327.01
05-Dec-16,8337.98,8387.47,8303.28,8375.62
06-Dec-16,8394.31,8430.11,8384.18,8393.29
07-Dec-16,8412.07,8441.19,8324.11,8355.4
08-Dec-16,8396.65,8508.16,8395.39,8499.35
09-Dec-16,8526.24,8528.98,8496.7,8512.42
12-Dec-16,8506.86,8506.86,8402.42,8417.8
13-Dec-16,8438.52,8462.13,8402.18,8454.58
14-Dec-16,8459.15,8466.06,8400,8412.3
15-Dec-16,8381.9,8462.51,8349.47,8388.58
16-Dec-16,8396.32,8408.87,8359.33,8368.86
19-Dec-16,8377.76,8377.76,8327.04,8335.17
20-Dec-16,8338.79,8354.17,8282,8300.72
21-Dec-16,8319.51,8331.96,8278.72,8287.2
22-Dec-16,8282.03,8287.27,8181.57,8195.28
23-Dec-16,8186.11,8234.38,8150.14,8193.54
26-Dec-16,8183.61,8186.77,8086.07,8093.89
27-Dec-16,8095.72,8235.25,8084.63,8223.47
28-Dec-16,8239.39,8302.38,8228.11,8233.47
29-Dec-16,8281.63,8311.29,8221.07,8303.55
30-Dec-16,8330.64,8401.17,8319.46,8386.69
02-Jan-17,8414.31,8422.55,8349.9,8398.72
03-Jan-17,8408.77,8446.17,8375.84,8422.82
04-Jan-17,8431.22,8449.38,8405.47,8414.95
05-Jan-17,8449.16,8516.77,8449.16,8506.71
06-Jan-17,8528,8548.32,8467.57,8478.29
09-Jan-17,8502.02,8505.06,8466.13,8473.64
10-Jan-17,8501,8531.51,8499.5,8527.52
11-Jan-17,8553.85,8638.05,8553.85,8628.46
12-Jan-17,8640.67,8668.35,8630.48,8652.89
13-Jan-17,8688.51,8709,8623.27,8650.13
16-Jan-17,8652.94,8686.48,8632.35,8674.94
17-Jan-17,8690.6,8709.24,8645.58,8662.32
18-Jan-17,8672.88,8732.73,8669.18,8688.98
19-Jan-17,8691.72,8717.55,8679.2,8706.7
20-Jan-17,8689.36,8701.6,8605.49,8612.97
23-Jan-17,8606.15,8674.54,8597.52,8662.84
24-Jan-17,8680.84,8756.21,8675.78,8749.78
25-Jan-17,8775.2,8880.83,8769.27,8872.42
27-Jan-17,8889.09,8953.45,8888.55,8919.83
30-Jan-17,8916.4,8947.41,8892.96,8916.69
31-Jan-17,8924.99,8924.99,8823.05,8831.71
01-Feb-17,8841.67,9005.08,8812.18,8999.55
02-Feb-17,9015.1,9050.42,8978.42,9027.71
03-Feb-17,9043.01,9055.86,9007.34,9037.9
06-Feb-17,9074.43,9119.2,9072.04,9099.99
07-Feb-17,9108.5,9115.25,9038.74,9068.87
08-Feb-17,9087.39,9103.37,9020.9,9079.78
09-Feb-17,9096.18,9133.19,9032.39,9091.71
10-Feb-17,9112.31,9130.69,9076.42,9094.26
13-Feb-17,9124.52,9129.88,9050.79,9102.88
14-Feb-17,9116.42,9116.67,9066.18,9085.37
15-Feb-17,9069.52,9095.24,8986.88,8998.05
16-Feb-17,9015.3,9077.6,8988.78,9073.18
17-Feb-17,9166.36,9182.5,9102.86,9124.02
20-Feb-17,9131.51,9192.82,9112.87,9187.23
21-Feb-17,9205.16,9241.7,9184.52,9229.14
22-Feb-17,9248.02,9276.18,9217.1,9235.46
23-Feb-17,9247.56,9289.71,9229.6,9239.67
27-Feb-17,9244.08,9255.62,9194.2,9200.98
28-Feb-17,9204.06,9225.2,9178.69,9190.73
01-Mar-17,9215.17,9267.79,9212.3,9251.54
02-Mar-17,9292.07,9301.68,9163.28,9180.45
03-Mar-17,9179.11,9196,9145.88,9187.65
06-Mar-17,9197.84,9257.05,9197.82,9251.14
07-Mar-17,9266.84,9268.14,9225.87,9237.04
08-Mar-17,9243.97,9250.16,9173.38,9206.01
09-Mar-17,9208.95,9232.51,9185.19,9207.59
10-Mar-17,9232.58,9260.25,9183.13,9208.05
14-Mar-17,9363.04,9398.58,9333.36,9365.61
15-Mar-17,9373.23,9394.83,9361.99,9375.43
16-Mar-17,9409.52,9462.22,9409.52,9456.41
17-Mar-17,9503.16,9522.32,9448.94,9464.7
20-Mar-17,9481.12,9493.34,9426.84,9443.07
21-Mar-17,9450.71,9455.28,9388.69,9425.43
22-Mar-17,9382.44,9382.44,9315.01,9329.42
23-Mar-17,9346.97,9406.65,9346.67,9393.65
24-Mar-17,9402.76,9447.99,9402.67,9417.63
27-Mar-17,9414.23,9419.68,9338.55,9363.9
28-Mar-17,9389.33,9430.8,9389.33,9421.01
29-Mar-17,9444.93,9461.29,9429.9,9455.32
30-Mar-17,9462.47,9498.89,9457.38,9489.97
31-Mar-17,9492.55,9512.53,9478.5,9494.36
03-Apr-17,9527.64,9562.73,9515.61,9558.52
05-Apr-17,9583.73,9605.54,9542.8,9597.51
06-Apr-17,9592.79,9604.59,9556.34,9597.23
07-Apr-17,9577.44,9597.92,9522.07,9535.01
10-Apr-17,9557.31,9578.69,9521.23,9529.51
11-Apr-17,9540.91,9592.73,9524.66,9586.49
12-Apr-17,9602.95,9605.82,9505.66,9554.71
13-Apr-17,9554.11,9558.76,9489.7,9496.44
17-Apr-17,9498.81,9510.8,9466.25,9483.74
18-Apr-17,9505.45,9571.23,9426.53,9438.57
19-Apr-17,9452.1,9465.43,9413.87,9450.53
20-Apr-17,9452.98,9496.66,9450.56,9487.39
21-Apr-17,9531.48,9535.75,9440.48,9472.75
24-Apr-17,9489.66,9576.82,9488.99,9569.87
25-Apr-17,9622.49,9674.28,9608.9,9670.19
26-Apr-17,9697.1,9725.75,9646.42,9707.15
27-Apr-17,9708.23,9724.19,9679.83,9693.59
28-Apr-17,9708.15,9709.2,9654.03,9669.96
02-May-17,9700.8,9730.24,9641.55,9690.97
03-May-17,9712.33,9723.2,9671.45,9683.68
04-May-17,9728.6,9737.96,9697.03,9734.53
05-May-17,9744.8,9751.57,9633.46,9648.5
08-May-17,9676.24,9705.98,9664.97,9682.35
09-May-17,9696.49,9716.22,9676.78,9696.79
10-May-17,9718.11,9803.86,9717.85,9796.93
11-May-17,9824.57,9840.64,9799.87,9809.33
12-May-17,9821.28,9823.83,9748.08,9775.99
15-May-17,9807.34,9827.84,9801.74,9820.95
16-May-17,9840.97,9887.11,9834.57,9883.62
17-May-17,9892.48,9902.28,9859.31,9889.81
18-May-17,9836.49,9854.08,9755.73,9768.46
19-May-17,9805.87,9853.24,9715.18,9760.08
22-May-17,9817.27,9836.73,9750.24,9760.63
23-May-17,9761.34,9770.7,9665.59,9688.12
24-May-17,9712.87,9733.73,9625.1,9647.47
25-May-17,9672.35,9801.17,9664.38,9791.97
26-May-17,9799.77,9911.31,9785.39,9903.68
29-May-17,9888.87,9933.06,9843.36,9891.13
30-May-17,9887.66,9928.08,9858.46,9917.18
31-May-17,9939.93,9955.89,9915.4,9928.65
01-Jun-17,9925,9946.26,9899.4,9926.73
02-Jun-17,9952.29,9987.16,9950.86,9971.63
05-Jun-17,9982.06,10015.15,9965.29,9999.73
06-Jun-17,10036.22,10038.76,9944.32,9952.09
07-Jun-17,9973.19,10000.41,9950.1,9983.76
08-Jun-17,10000.58,10014.64,9965.54,9971.71
09-Jun-17,9969.13,9999.55,9933.5,9990.61
12-Jun-17,9982.52,9982.66,9922.3,9940.06
13-Jun-17,9943.59,9986,9924.76,9936.76
14-Jun-17,9947.39,9957.05,9907.15,9943.89
15-Jun-17,9958.6,9959.85,9894.35,9913.55
16-Jun-17,9939.99,9955.04,9905.16,9920.24
19-Jun-17,9952.95,10004.4,9950.43,9986.51
20-Jun-17,10010.89,10015.97,9978.27,9990
21-Jun-17,9991.01,9991.01,9949.6,9970.53
22-Jun-17,9993.63,10036.52,9947.1,9958.3
23-Jun-17,9976.7,9979.56,9875.41,9890.75
27-Jun-17,9912.43,9931.49,9785.97,9825.54
28-Jun-17,9833.14,9842.12,9791.84,9811.12
29-Jun-17,9837.75,9895.91,9811.28,9826.67
30-Jun-17,9822.78,9865.32,9773.94,9852.86
03-Jul-17,9917.86,9966.79,9878.74,9958.78
04-Jul-17,9993.18,10001.22,9937.68,9952.43
05-Jul-17,9973.4,9996.18,9950.39,9988.3
06-Jul-17,10008.62,10054.6,10001,10024.59
07-Jul-17,10026.74,10039.65,9999,10018.27
10-Jul-17,10064.56,10140.2,10058.24,10127.38
11-Jul-17,10151.76,10175.72,10116.12,10123.58
12-Jul-17,10147.47,10173.71,10133.28,10165.87
13-Jul-17,10198.38,10247.51,10197.04,10239.38
14-Jul-17,10261.4,10266.87,10194.19,10239.08
17-Jul-17,10249.67,10279.93,10245.34,10268.75
18-Jul-17,10203.47,10244.67,10170.98,10178.05
19-Jul-17,10225.1,10271.19,10209.84,10264.9
20-Jul-17,10283.84,10289.3,10227.96,10234.99
21-Jul-17,10267.4,10282.74,10194.63,10270.72
24-Jul-17,10290.83,10343.17,10280.18,10320.45
25-Jul-17,10354.22,10361.43,10312.81,10328.47
26-Jul-17,10346.08,10385.3,10334.42,10378.44
27-Jul-17,10418.27,10473.03,10360.72,10375.45
28-Jul-17,10378.23,10386.27,10310.32,10374.33
31-Jul-17,10399.87,10441.24,10383.94,10432.76
01-Aug-17,10462.23,10478.38,10434.16,10465.1
02-Aug-17,10486.6,10494.12,10410.15,10433.86
03-Aug-17,10444.55,10444.55,10362.98,10380.33
04-Aug-17,10367.61,10456.29,10355.18,10444.69
07-Aug-17,10468.61,10484.08,10447.2,10462.75
08-Aug-17,10483.15,10491.66,10337.38,10369.81
09-Aug-17,10344.53,10359.47,10257.96,10280.33
10-Aug-17,10268.61,10270.05,10097.92,10154.07
11-Aug-17,10089.75,10130.23,10028.21,10063.16
14-Aug-17,10096.39,10191.53,10096.25,10167.1
16-Aug-17,10207.53,10282.88,10151.63,10273.22
17-Aug-17,10316.02,10325.15,10258.96,10276.54
18-Aug-17,10258.53,10258.53,10160.96,10216.53
21-Aug-17,10247.68,10266.81,10104.6,10117.77
22-Aug-17,10159.77,10198.89,10106.32,10121.67
23-Aug-17,10161.66,10224.95,10146.49,10219.04
24-Aug-17,10247.54,10257.22,10220.03,10237.18
28-Aug-17,10278.44,10318.36,10272.26,10304.41
29-Aug-17,10300.99,10304.43,10173.96,10184.51
30-Aug-17,10225.55,10309.93,10225.22,10289.81
31-Aug-17,10305.24,10321.75,10264.33,10315.16
01-Sep-17,10327.06,10394.23,10319.07,10383.65
04-Sep-17,10397.39,10397.39,10254.19,10311.07
05-Sep-17,10328.42,10369.96,10308.75,10357.5
06-Sep-17,10330.07,10350.02,10287.57,10331.2
07-Sep-17,10363.45,10393.24,10344.84,10361.33
08-Sep-17,10379.02,10396.49,10332.34,10351.9
11-Sep-17,10390.27,10454.68,10389.53,10430.13
12-Sep-17,10480.27,10525.51,10454.31,10520.15
13-Sep-17,10535.11,10570.81,10486.38,10502.36
14-Sep-17,10551.21,10562.57,10499.81,10521.34
15-Sep-17,10503.39,10543.73,10469.93,10515.62
18-Sep-17,10546.57,10598.18,10546.55,10577.48
19-Sep-17,10607.46,10608.17,10559.64,10580.47
20-Sep-17,10600.78,10608.45,10565.64,10570.46
21-Sep-17,10572.33,10588.76,10473.48,10537.48
22-Sep-17,10522.03,10522.18,10342.72,10353.92
25-Sep-17,10372.33,10379.05,10197.9,10252.78
26-Sep-17,10267.03,10283.6,10197.01,10254.42
27-Sep-17,10304.48,10307.99,10086.12,10105.47
28-Sep-17,10123.53,10160.13,10059.9,10142.31
29-Sep-17,10177.91,10245.83,10162.11,10172.64
03-Oct-17,10249.11,10273.88,10231.43,10255.94
04-Oct-17,10273.83,10333.3,10250.63,10307.94
05-Oct-17,10326.45,10352.29,10284.53,10292.68
06-Oct-17,10310.6,10392.61,10310.17,10383.08
09-Oct-17,10399.83,10433.14,10374.09,10397.62
10-Oct-17,10418.27,10447.35,10415.54,10427.14
11-Oct-17,10449.34,10485.25,10354.55,10389.24
12-Oct-17,10407.91,10510.8,10379.11,10502.05
13-Oct-17,10521.13,10589.66,10521.13,10567.54
16-Oct-17,10588.05,10642.73,10572.84,10625.5
17-Oct-17,10634.25,10655.6,10611.66,10636.26
18-Oct-17,10621.63,10643.21,10576.76,10612.71
19-Oct-17,10645.59,10650.79,10527.45,10552.02
23-Oct-17,10558.38,10619.18,10529.65,10585.44
24-Oct-17,10616.27,10638.85,10584.12,10608.35
25-Oct-17,10713.9,10747.03,10651.15,10712.24
26-Oct-17,10714.03,10774.25,10673.24,10761.8
27-Oct-17,10781.17,10789.2,10734.76,10748.3
30-Oct-17,10785.26,10821,10775.86,10798.73
31-Oct-17,10802.19,10811.25,10762.14,10776.46
01-Nov-17,10821.42,10896.67,10820.39,10878.63
02-Nov-17,10897.29,10908.91,10860.64,10875.98
03-Nov-17,10903.2,10914.42,10858.24,10903.38
06-Nov-17,10915.82,10955.63,10879.59,10919.28
07-Nov-17,10935.62,10959.18,10789.91,10803.73
08-Nov-17,10820.86,10840.35,10727.11,10749.9
09-Nov-17,10796.5,10825.87,10713.18,10769.96
10-Nov-17,10762.89,10795.26,10709.79,10767.96
13-Nov-17,10796.47,10802.65,10671,10679.99
14-Nov-17,10668.01,10704.66,10631.02,10641.78
15-Nov-17,10644.73,10645.25,10532.96,10558.62
16-Nov-17,10578.17,10682.41,10578.17,10663.18
17-Nov-17,10747.47,10804.6,10724.02,10743.38
20-Nov-17,10752.83,10776.96,10726.48,10761.07
21-Nov-17,10785.13,10833.17,10776.5,10793.18
22-Nov-17,10818.04,10832.71,10767.26,10801.37
23-Nov-17,10804.15,10836.88,10765.26,10810.35
24-Nov-17,10833.89,10863.9,10827.84,10850.76
27-Nov-17,10839.8,10871.16,10808.57,10865.08
28-Nov-17,10864.23,10889.85,10825.62,10842
29-Nov-17,10858.31,10871.98,10816.65,10833.12
30-Nov-17,10814.17,10820.97,10692.53,10705.43
01-Dec-17,10736.64,10760.04,10577.22,10593.22
04-Dec-17,10636.88,10651.67,10562.32,10599.23
05-Dec-17,10586.11,10614.83,10535.03,10591.1
06-Dec-17,10587.51,10588.62,10502.18,10509.95
07-Dec-17,10516.74,10659.83,10514.09,10646.3
08-Dec-17,10676.54,10757.57,10676.54,10745.63
11-Dec-17,10774.8,10822.28,10765.45,10802.56
12-Dec-17,10794.05,10802.27,10708.03,10717.78
13-Dec-17,10722.51,10767.99,10631.24,10653.51
14-Dec-17,10673.22,10731.19,10598.1,10709.18
15-Dec-17,10776.75,10834.88,10776.75,10797.5
18-Dec-17,10776.71,10908.79,10542.42,10851.02
19-Dec-17,10892.07,10952.15,10881.72,10943.49
20-Dec-17,10967.42,10974.73,10922.52,10931.34
21-Dec-17,10945.52,10966.04,10922.75,10934.66
22-Dec-17,10944.29,10991.22,10944.29,10983.52
26-Dec-17,10999.28,11031.4,10985.58,11020.91
27-Dec-17,11041.45,11054.37,10962.89,10984.51
28-Dec-17,10995.46,11024,10945.79,10968.82
29-Dec-17,10990.05,11038.85,10990.05,11029.78
01-Jan-18,11037.78,11048.96,10943.87,10960.57
02-Jan-18,10988.37,11009.1,10906.2,10947.17
03-Jan-18,10981.96,11021.84,10947.16,10956.71
04-Jan-18,10990.79,11031.45,10957.03,11023.55
05-Jan-18,11046.45,11101.98,11046.32,11093.81
08-Jan-18,11117.06,11176.23,11117.06,11166.22
09-Jan-18,11187.32,11204.88,11144.22,11175.63
10-Jan-18,11204.18,11211.97,11131.21,11163.81
11-Jan-18,11175.22,11200.36,11148.16,11184.38
12-Jan-18,11207.64,11227.84,11118.19,11204.58
15-Jan-18,11234.72,11306.07,11234.61,11254.26
16-Jan-18,11267.39,11282.45,11178.45,11190.51
17-Jan-18,11190.31,11293.36,11135.56,11282
18-Jan-18,11355.22,11384.11,11231.78,11272.94
19-Jan-18,11294.06,11364.91,11255.77,11353.8
22-Jan-18,11381.22,11443.62,11345.89,11434.66
23-Jan-18,11461.45,11556.2,11460.52,11547.46
24-Jan-18,11554.68,11580.95,11509.23,11543.84
25-Jan-18,11560.04,11569.08,11440.78,11493.1
29-Jan-18,11510.03,11595.01,11507.2,11541.4
30-Jan-18,11537.53,11543.49,11448.69,11462.86
31-Jan-18,11442.54,11466.19,11366.53,11419.07
01-Feb-18,11445.07,11495.89,11250.85,11400.03
02-Feb-18,11339.94,11342.67,11096.73,11115.45
05-Feb-18,11007.32,11064.93,10931.11,11036.41
06-Feb-18,10727.52,10946.73,10619.08,10854.75
07-Feb-18,10967.38,10996.18,10816.17,10838
08-Feb-18,10870.22,11013.69,10848.36,10958.39
09-Feb-18,10825.91,10875.66,10776.73,10851.72
12-Feb-18,10911.56,10961.85,10888.65,10946.65
14-Feb-18,10992.44,11002.47,10873.08,10912.23
15-Feb-18,10929.71,11017.52,10903.53,10937.42
16-Feb-18,10975.72,11008.92,10819.81,10837.84
19-Feb-18,10851.83,10867.8,10676.67,10749.63
20-Feb-18,10778.72,10811.78,10729.73,10742.66
21-Feb-18,10776.96,10806.62,10728.26,10769.18
22-Feb-18,10756.33,10760.2,10713.54,10739.34
23-Feb-18,10748.49,10864.47,10747.59,10856.55
26-Feb-18,10888.37,10966.32,10888.35,10956.8
27-Feb-18,10988.43,11008.03,10909.79,10919.15
28-Feb-18,10855.23,10902.29,10829.23,10864.95
01-Mar-18,10858.06,10901.24,10810.76,10821.14
05-Mar-18,10813.12,10813.29,10681.79,10713.77
06-Mar-18,10792.78,10805.91,10574.15,10602.72
07-Mar-18,10591.55,10609.31,10496.24,10508.94
08-Mar-18,10566.52,10613.97,10484.57,10587.38
09-Mar-18,10617.15,10648.27,10560.68,10577.79
12-Mar-18,10626.7,10763.38,10626.7,10751.18
13-Mar-18,10726.01,10825.2,10720.77,10773.76
14-Mar-18,10744.66,10784.14,10701.52,10772.16
15-Mar-18,10773.28,10790.76,10716.72,10730.03
16-Mar-18,10732.3,10732.81,10564.86,10579.91
19-Mar-18,10605.54,10606.96,10444.42,10465.66
20-Mar-18,10438.94,10524.35,10419.1,10495.58
21-Mar-18,10528.01,10608,10508.07,10531.84
22-Mar-18,10549.97,10582.48,10473.15,10484.41
23-Mar-18,10369.92,10393.99,10317.27,10368.33
26-Mar-18,10353.94,10523.92,10337.12,10507.46
27-Mar-18,10546.78,10607.59,10526.88,10565.09
28-Mar-18,10539.58,10546.67,10487.67,10502.61
02-Apr-18,10525.74,10620.96,10517.56,10612.02
03-Apr-18,10598.39,10666.41,10582.18,10655.46
04-Apr-18,10680.49,10696.88,10523.98,10535.14
05-Apr-18,10614.99,10739.35,10610.73,10728.58
06-Apr-18,10730.18,10772.86,10701.15,10755.18
09-Apr-18,10767.51,10817.94,10748.98,10798.01
10-Apr-18,10833.26,10848.02,10797.01,10816.46
11-Apr-18,10842.89,10844.8,10770.59,10824.52
12-Apr-18,10836.67,10881.87,10807.56,10862
13-Apr-18,10885.22,10929.11,10857.21,10886.53
16-Apr-18,10822.09,10942.98,10808.18,10933.47
17-Apr-18,10955.3,10968.44,10907.91,10957.18
18-Apr-18,10976.78,11009.68,10919.13,10939.81
19-Apr-18,10962.91,10990.47,10962.38,10984.64
20-Apr-18,10979.66,10995.62,10941.11,10979.37
23-Apr-18,11004.27,11054.39,10957.97,10994.01
24-Apr-18,10991.77,11042.76,10979.46,11019.45
25-Apr-18,11012.31,11021.97,10940.83,10972.66
26-Apr-18,10984.52,11030.46,10966.68,11022.42
27-Apr-18,11034.18,11122.83,11033.67,11097.13
30-Apr-18,11119.38,11172.37,11114.08,11152.97
02-May-18,11200.47,11206.4,11081.14,11108.66
03-May-18,11125.91,11125.91,11024.57,11055.65
04-May-18,11067.85,11082.26,10983.37,10998
07-May-18,11023.36,11101.34,11014.08,11089.9
08-May-18,11125.45,11133.2,11069.15,11090.3
09-May-18,11081.06,11125.64,11067.33,11098.12
10-May-18,11105.43,11139.14,11036.69,11048.85
11-May-18,11064.39,11149.44,11053.85,11135.47
14-May-18,11139.79,11160.96,11096.8,11116.44
15-May-18,11107.6,11242.87,11082.36,11104.34
16-May-18,11079.42,11098.67,11001.35,11053.15
17-May-18,11080.49,11086.49,10988.55,11005.16
18-May-18,11006.4,11011.69,10895.07,10901.9
21-May-18,10907.89,10932.92,10799.9,10810.78
22-May-18,10804.13,10859.78,10782.16,10849.16
23-May-18,10843.67,10849.16,10731.88,10743.83
24-May-18,10763.8,10840.61,10727.04,10816.57
25-May-18,10844.99,10953.55,10828.68,10928.9
28-May-18,10982.69,11038.74,10964.71,11022.84
29-May-18,11034.1,11047.55,10946.27,10963.08
30-May-18,10938.44,10976,10895.16,10943.7
31-May-18,10988.14,11060.65,10947.01,11040.77
01-Jun-18,11060.61,11081.13,10984.62,10995.66
04-Jun-18,11068.16,11080.37,10912.51,10920.14
05-Jun-18,10923.56,10933.43,10835.93,10874.72
06-Jun-18,10882.71,10991.17,10872.51,10978.95
07-Jun-18,11006.28,11115.99,11006.28,11070.77
08-Jun-18,11055.58,11090.79,11020.8,11080.44
11-Jun-18,11088.65,11162.03,11085.47,11095.81
12-Jun-18,11111.35,11168.08,11100.52,11154.39
13-Jun-18,11193.23,11206.97,11159.55,11165.57
14-Jun-18,11166.41,11170.03,11090.83,11126.62
15-Jun-18,11140.93,11148.28,11068,11119.57
18-Jun-18,11143.87,11148.5,11094.56,11101.22
19-Jun-18,11099.45,11099.45,11003.97,11014.64
20-Jun-18,11027,11080.39,11025.48,11072.82
21-Jun-18,11098.37,11108.87,11024.35,11033.02
22-Jun-18,11032.49,11126.32,10997.81,11112.05
25-Jun-18,11132.58,11137.64,11034.55,11046.49
26-Jun-18,11013.13,11092.28,11008.9,11053.63
27-Jun-18,11068.21,11083.83,10926.86,10945.74
28-Jun-18,10937.29,10955.44,10833.65,10852.85
29-Jun-18,10882.24,10997.47,10877.36,10987.71
02-Jul-18,11023.84,11032.25,10882.32,10932.79
03-Jul-18,10949.59,11000.43,10903.74,10982.38
04-Jul-18,10982.46,11048.15,10953.15,11040.33
05-Jul-18,11059.01,11068.04,10998.35,11014.56
06-Jul-18,11007.85,11089.93,11000.23,11039.34
09-Jul-18,11091.85,11136.7,11082.66,11126.02
10-Jul-18,11168.74,11228.95,11157.26,11219.37
11-Jul-18,11233.66,11247.62,11193.07,11204.96
12-Jul-18,11256.77,11331.67,11256.51,11265.3
13-Jul-18,11293.5,11310.92,11233.68,11247.09
16-Jul-18,11273.07,11273.07,11134.53,11144.47
17-Jul-18,11166.32,11246.68,11132.05,11237.2
18-Jul-18,11292.56,11303.16,11164.86,11183.99
19-Jul-18,11217.54,11218.89,11135.58,11157.79
20-Jul-18,11163.55,11232.46,11141,11213.31
23-Jul-18,11229.36,11306.52,11226.05,11298.7
24-Jul-18,11340.47,11387.84,11328.25,11377.58
25-Jul-18,11407.91,11408.12,11352.39,11373.97
26-Jul-18,11392.69,11446.12,11384.08,11425.43
27-Jul-18,11496.19,11542.73,11476.47,11535.04
30-Jul-18,11580.14,11591.38,11526.18,11582.46
31-Jul-18,11594.95,11636.49,11534.63,11625.85
01-Aug-18,11642.01,11663.27,11585.88,11617.69
02-Aug-18,11620.41,11620.41,11517.71,11529.01
03-Aug-18,11576.34,11641.9,11575.76,11633.83
06-Aug-18,11679.12,11707.17,11652.16,11663.47
07-Aug-18,11709.37,11714.74,11634.59,11659.81
08-Aug-18,11687.86,11725.68,11655.35,11714.77
09-Aug-18,11753.73,11765.22,11727.08,11748.3
10-Aug-18,11757.63,11758.8,11683.95,11697.12
13-Aug-18,11653.15,11680.68,11610.17,11624.18
14-Aug-18,11655.57,11715.73,11640.41,11700.53
16-Aug-18,11690,11724.33,11633.76,11648.71
17-Aug-18,11710.51,11762.39,11703.07,11747.65
20-Aug-18,11786.69,11854.6,11783.22,11841.09
21-Aug-18,11867.19,11877.85,11833.46,11863.62
23-Aug-18,11902.36,11920.7,11852.35,11892.38
24-Aug-18,11902.09,11915.85,11836.28,11870
27-Aug-18,11931.11,12010.35,11919.48,12002.1
28-Aug-18,12035.73,12070.09,12012.93,12035.7
29-Aug-18,12063.21,12063.21,11998.68,12009.14
30-Aug-18,12031.52,12037.21,11974.05,12003.94
31-Aug-18,12013.45,12067.13,11984.41,12016.97
03-Sep-18,12090.37,12095.54,11907.25,11920.05
04-Sep-18,11958.74,11972.98,11783.98,11806.32
05-Sep-18,11813.35,11828.33,11668.08,11760.93
06-Sep-18,11808.67,11846.93,11725.81,11822.88
07-Sep-18,11849.78,11906.1,11778.76,11894.69
10-Sep-18,11889.18,11891.38,11722.12,11732.87
11-Sep-18,11767.71,11775.85,11550.78,11565.91
12-Sep-18,11598.67,11663.66,11523.41,11651.98
14-Sep-18,11716.13,11812.47,11715.94,11805.54
17-Sep-18,11789.44,11789.44,11660.4,11670.95
18-Sep-18,11687.41,11711.38,11552.74,11566.44
19-Sep-18,11614.28,11637.72,11494.72,11520.02
21-Sep-18,11572.21,11630.96,11060.51,11406.65
24-Sep-18,11440.44,11447.13,11183.32,11200.53
25-Sep-18,11211.29,11323.89,11107.98,11305.99
26-Sep-18,11395.56,11398.7,11241.86,11296.97
27-Sep-18,11337.08,11342.33,11190,11208.4
28-Sep-18,11254.17,11272.5,11060.22,11140.99
01-Oct-18,11156.17,11253.56,11034.38,11226.62
03-Oct-18,11247.52,11247.52,11056.24,11076.17
04-Oct-18,11022.51,11022.51,10768.7,10819.08
05-Oct-18,10780.22,10780.22,10484.24,10538.49
08-Oct-18,10544.14,10613.89,10395.79,10549.59
09-Oct-18,10599.86,10614.04,10456.73,10494.87
10-Oct-18,10556.25,10710.41,10521.02,10688.68
11-Oct-18,10464.87,10565.34,10361.44,10459.48
12-Oct-18,10548.39,10720.59,10546.9,10694.42
15-Oct-18,10777.18,10784.14,10644.7,10742.43
16-Oct-18,10788.89,10848.84,10761.02,10832.21
17-Oct-18,10939.26,10958.3,10661.37,10674.77
19-Oct-18,10621.43,10621.82,10485.6,10534.93
22-Oct-18,10636.57,10651.16,10466.47,10481.06
23-Oct-18,10425.19,10465.8,10340.17,10380.87
24-Oct-18,10482.16,10516.43,10362.8,10462.69
25-Oct-18,10390.06,10394.54,10311.43,10353.24
26-Oct-18,10379.3,10379.39,10233.13,10266.12
29-Oct-18,10330.04,10522.27,10265.01,10502.71
30-Oct-18,10518.86,10549.58,10447.25,10474.36
31-Oct-18,10499.73,10668,10388.85,10661.72
01-Nov-18,10719.65,10727.36,10627.83,10661.28
02-Nov-18,10752.73,10891.29,10739.87,10825.3
05-Nov-18,10853.95,10854.22,10762.26,10803.49
06-Nov-18,10839.47,10876.74,10763.95,10796.42
07-Nov-18,10888.76,10889.58,10861.34,10873.58
09-Nov-18,10887.87,10902.52,10818.41,10871.29
12-Nov-18,10904.32,10927.92,10742.34,10758.27
13-Nov-18,10768.58,10863.97,10719.21,10852.58
14-Nov-18,10904.62,10922.72,10809.21,10850.69
15-Nov-18,10851.8,10916.36,10826.42,10887.75
16-Nov-18,10924.16,10967.2,10900.31,10946.32
19-Nov-18,10998.95,11042.79,10961.54,11028.85
20-Nov-18,11021.38,11021.38,10908.01,10921.6
21-Nov-18,10942.57,10944.23,10840.37,10883.54
22-Nov-18,10907.51,10927.97,10795.77,10807.19
26-Nov-18,10855.07,10913.85,10770.81,10902.73
27-Nov-18,10912.29,10957.25,10873.5,10947.59
28-Nov-18,10978.14,11021.18,10965,10973.1
29-Nov-18,11049.11,11123.33,11033.33,11104.13
30-Nov-18,11142.78,11171.44,11084.04,11119.17
03-Dec-18,11178.94,11192.16,11111.08,11146.2
04-Dec-18,11157.51,11159.27,11101.22,11126.85
05-Dec-18,11095.15,11097.3,10992.01,11023.07
06-Dec-18,10971.66,10972.97,10824.72,10834.65
07-Dec-18,10885.23,10934.14,10840.59,10922.49
10-Dec-18,10786.54,10793.56,10704.38,10715.61
11-Dec-18,10611.95,10821.97,10574.04,10802.04
12-Dec-18,10839.79,11014.24,10814.1,11001.36
13-Dec-18,11074.15,11113.44,11021.81,11061.98
14-Dec-18,11072.99,11102.1,11029.51,11077.83
17-Dec-18,11122.4,11178.48,11122.4,11167.54
18-Dec-18,11157.9,11199.52,11102.48,11191.41
19-Dec-18,11221.4,11282.04,11220.18,11265.96
20-Dec-18,11220.89,11262.18,11182.94,11248.72
21-Dec-18,11258.18,11272.7,11031.85,11047.69
24-Dec-18,11078.84,11089.77,10944.62,10958.98
26-Dec-18,10951.16,11032.11,10817.4,11015.49
27-Dec-18,11104.49,11117.26,11053.47,11059.19
28-Dec-18,11092.59,11185.06,11092.59,11152.4
31-Dec-18,11196.6,11220.42,11154.46,11161.02
01-Jan-19,11188.74,11209.42,11104.52,11200.61
02-Jan-19,11179.94,11192.69,11032.74,11079.01
03-Jan-19,11092.53,11115.2,10951.13,10961.27
04-Jan-19,10987.92,11031.54,10922.08,11015.74
07-Jan-19,11099.5,11117.48,11033.65,11048.4
08-Jan-19,11077.88,11099.16,11019.64,11081.36
09-Jan-19,11133.87,11149.89,11029.63,11128.57
10-Jan-19,11143.36,11146.2,11094.59,11110.03
11-Jan-19,11133.79,11140.39,11031.3,11079.83
14-Jan-19,11109.59,11111.95,10980.9,11027.3
15-Jan-19,11054.76,11174.46,11054.76,11165.97
16-Jan-19,11183.62,11213.47,11158.01,11169.29
17-Jan-19,11194.08,11213.66,11124.45,11180.6
18-Jan-19,11196.12,11208.42,11127.58,11165.66
21-Jan-19,11187.21,11247.27,11152.97,11199.76
22-Jan-19,11215.81,11215.85,11112.62,11174.48
23-Jan-19,11190.46,11201.14,11073.92,11092.12
24-Jan-19,11103.08,11116.44,11059.95,11101.58
25-Jan-19,11122.19,11182.64,10996.15,11020.48
28-Jan-19,11041.66,11046.63,10860.45,10886.11
29-Jan-19,10898.82,10921.83,10821.23,10883.13
30-Jan-19,10942.02,10949.28,10842.43,10876.62
31-Jan-19,10932.97,11058.02,10908.68,11054.82
01-Feb-19,11080.68,11209.04,11035.83,11120.92
04-Feb-19,11121.91,11133.79,11031.21,11121.53
05-Feb-19,11122.57,11156.46,11097.02,11124.91
06-Feb-19,11157.2,11256.73,11148.9,11242.71
07-Feb-19,11259.87,11315.01,11243.29,11271.26
08-Feb-19,11248.74,11251.19,11112.05,11129.97
11-Feb-19,11135.84,11136.72,11032.18,11060.93
12-Feb-19,11064.76,11087.25,10991.51,11001.24
13-Feb-19,11037.25,11060.73,10931.27,10949.74
14-Feb-19,10953.35,10960.98,10890.01,10920.23
15-Feb-19,10945.23,10952.77,10775.17,10870.11
18-Feb-19,10884.28,10900.4,10769.21,10778.22
19-Feb-19,10791.07,10870.7,10736.72,10753.93
20-Feb-19,10807.72,10896.28,10796.54,10884.7
21-Feb-19,10907.96,10964.11,10877.4,10944.01
22-Feb-19,10951.48,10973.25,10925.2,10959.31
25-Feb-19,10991.67,11059.82,10965.76,11052.68
26-Feb-19,10991,11061.36,10892.43,11005.08
27-Feb-19,11050.89,11126.99,10933.67,10985.3
28-Feb-19,11025.95,11040.29,10974.52,10988.69
01-Mar-19,11030.71,11074.12,11021.36,11060.21
05-Mar-19,11078.33,11203.35,11023.02,11199.8
06-Mar-19,11236.68,11275.48,11219.54,11263.12
07-Mar-19,11295.85,11304.34,11242.47,11266.05
08-Mar-19,11273.2,11273.2,11216.92,11246.36
11-Mar-19,11268.42,11411.67,11266.69,11397.18
12-Mar-19,11455.25,11543.32,11453.61,11519.58
13-Mar-19,11541.78,11565.07,11495.92,11553.12
14-Mar-19,11577.14,11595.19,11523.75,11551.66
15-Mar-19,11556.97,11680.34,11555.7,11620.08
18-Mar-19,11650.73,11716.15,11604.65,11644.47
19-Mar-19,11680.55,11725.51,11643.43,11717.5
20-Mar-19,11737.12,11744.23,11687.9,11701.22
22-Mar-19,11719.96,11753.41,11611.43,11630.81
25-Mar-19,11592.1,11592.1,11488.67,11529.26
26-Mar-19,11553.14,11665.09,11533.22,11648.42
27-Mar-19,11685.66,11715.68,11587.48,11617.81
28-Mar-19,11644.17,11760.32,11627.2,11743.11
29-Mar-19,11784.26,11822.56,11760.06,11809.19
01-Apr-19,11863.63,11931.48,11840.87,11859.5
02-Apr-19,11893.45,11902.65,11839.48,11886.47
03-Apr-19,11920.7,11943.65,11809.84,11824.26
04-Apr-19,11842.99,11844.23,11742.11,11783.63
05-Apr-19,11825.8,11870.97,11798.54,11845.89
08-Apr-19,11874.94,11891.35,11735.53,11784.18
09-Apr-19,11793.49,11862.68,11747.43,11851.35
10-Apr-19,11840.79,11860.81,11754.93,11764.76
11-Apr-19,11776.75,11790.5,11736.14,11779.51
12-Apr-19,11802.23,11841.76,11771.09,11829.17
15-Apr-19,11843.65,11890.14,11836.73,11873.62
16-Apr-19,11911.54,11993.43,11911.54,11970.11
18-Apr-19,12012.51,12029.44,11907.82,11922.47
22-Apr-19,11922.15,11922.27,11742.31,11758.55
23-Apr-19,11791.9,11809.45,11730.06,11743.77
24-Apr-19,11771.26,11893.12,11740.46,11883.11
25-Apr-19,11893.57,11947.61,11784.46,11802.22
26-Apr-19,11839.78,11896.32,11814.65,11885.52
30-Apr-19,11885.26,11887.71,11787.48,11868.07
02-May-19,11871.78,11909.15,11819.68,11834.39
03-May-19,11844.72,11871.51,11806.89,11820.36
06-May-19,11754.81,11754.81,11687.2,11707.92
07-May-19,11763.92,11769.36,11597.14,11607.69
08-May-19,11598.1,11598.99,11457.23,11468.8
09-May-19,11460.13,11470.33,11366.84,11415.88
10-May-19,11437.39,11461.44,11367.68,11393.32
13-May-19,11395.8,11411.14,11228.72,11254.1
14-May-19,11261.1,11393.41,11207.8,11322.61
15-May-19,11375.72,11392.13,11238.03,11256.5
16-May-19,11270.63,11381.83,11236.66,11348.85
17-May-19,11373.83,11512.47,11347.22,11495.68
20-May-19,11724.4,11934.44,11688.03,11919.13
21-May-19,11955.49,11976.28,11771.5,11797.13
22-May-19,11833.21,11866.82,11775.22,11823.39
23-May-19,11971.57,12130.87,11713.41,11757.91
24-May-19,11836.53,11967.06,11769,11957.01
27-May-19,11979.25,12073.44,11925.06,12039.03
28-May-19,12069.89,12076.61,11997.89,12059.42
29-May-19,12058.95,12059,11957.93,11979.37
30-May-19,12005.03,12079.03,11983.19,12061.47
31-May-19,12107.52,12156.32,11953.43,12044.07
03-Jun-19,12072.85,12215.39,12046.89,12205.05
04-Jun-19,12194.1,12224.08,12131.57,12144.5
06-Jun-19,12156.58,12158.95,11948.05,11961.66
07-Jun-19,11974.07,12006.74,11876.63,11982.01
10-Jun-19,12033.02,12084.52,11986.59,12030.69
11-Jun-19,12060.49,12114.28,12012.42,12082.88
12-Jun-19,12090.51,12091.51,11982.82,12013.38
13-Jun-19,11996.69,12031.29,11922.92,12015.1
14-Jun-19,12030.65,12030.88,11897.66,11920.88
17-Jun-19,11935.66,11942.09,11751.45,11764.98
18-Jun-19,11788.54,11821.3,11737.93,11788.52
19-Jun-19,11827.2,11892.88,11711.51,11780.27
20-Jun-19,11761.42,11938.48,11720.9,11928.25
21-Jun-19,11928.97,11929.3,11807.71,11828.99
24-Jun-19,11826.44,11858.83,11781.25,11808.16
25-Jun-19,11811.54,11913.17,11756.23,11899.38
26-Jun-19,11880.62,11979.88,11863.84,11956.85
27-Jun-19,11968.31,12020.84,11942.37,11964.07
28-Jun-19,11978.07,11988.72,11897.05,11909.67
01-Jul-19,11951.27,12005.54,11951.27,11985.71
02-Jul-19,12020.21,12035.44,11940.24,12030.31
03-Jul-19,12058.52,12067.05,12014.06,12043.32
04-Jul-19,12067.47,12088.69,12049.41,12066.51
05-Jul-19,12092.73,12104.76,11909.91,11926.02
08-Jul-19,11910.89,11910.89,11640.58,11672.81
09-Jul-19,11679.89,11698.25,11575.51,11674.15
10-Jul-19,11671.31,11713.88,11596.51,11613.82
11-Jul-19,11668.47,11712.66,11638.81,11698.68
12-Jul-19,11730.3,11762.01,11665.21,11678.11
15-Jul-19,11749.74,11751.9,11654.73,11711.81
16-Jul-19,11728.06,11799.53,11692.01,11794.02
17-Jul-19,11804.68,11832.9,11779.95,11814.21
18-Jul-19,11810.55,11810.55,11699.58,11709.14
19-Jul-19,11756.13,11758.41,11504.48,11524.84
22-Jul-19,11523.07,11523.07,11399.14,11452.76
23-Jul-19,11479.95,11493.52,11405.56,11428.85
24-Jul-19,11432.27,11456.2,11316.43,11349.56
25-Jul-19,11374.35,11447.6,11329.13,11343.33
26-Jul-19,11344.52,11402.1,11302.34,11381.6
29-Jul-19,11416.49,11416.49,11243.18,11280.27
30-Jul-19,11297.62,11357.71,11152.14,11164.83
31-Jul-19,11131.52,11235.54,11082.09,11210.78
01-Aug-19,11184.14,11184.14,10978.17,11077.33
02-Aug-19,11050.84,11176.06,10940.82,11095.16
05-Aug-19,11025.57,11025.57,10888.81,10966.43
06-Aug-19,10925.45,11120.59,10916.33,11057.24
07-Aug-19,11068.22,11087.4,10943.06,10964.78
08-Aug-19,10999.49,11158.35,10955.2,11136.1
09-Aug-19,11190.61,11292.96,11169.07,11219.8
13-Aug-19,11262.48,11262.48,10997.91,11018.95
14-Aug-19,11094.75,11167.96,11032.08,11124.48
16-Aug-19,11136.92,11159.58,11016.77,11139.29
19-Aug-19,11180.74,11240.95,11136.44,11146.72
20-Aug-19,11158.99,11169.95,11074.06,11105.84
21-Aug-19,11100.86,11122.34,10995.53,11004.63
22-Aug-19,11010.16,11010.16,10809.97,10828.63
23-Aug-19,10808.61,10949.2,10722.86,10915.46
26-Aug-19,11110.81,11151.53,10844.98,11140.85
27-Aug-19,11188.01,11237.07,11143.17,11202.96
28-Aug-19,11207.61,11225.36,11082.26,11137.85
29-Aug-19,11120.45,11120.45,11018.82,11055.75
30-Aug-19,11099.73,11159.54,10990.03,11139.78
03-Sep-19,11093.7,11093.76,10884.33,10911.18
04-Sep-19,10918.28,10964.49,10848.63,10951.01
05-Sep-19,10980.54,11027.42,10933.46,10960.23
06-Sep-19,10992.75,11063.48,10976.7,11054.09
09-Sep-19,11055.2,11138.19,11004.92,11114.99
11-Sep-19,11140.42,11175.49,11128.62,11157.27
12-Sep-19,11178.29,11212.96,11097.85,11112.78
13-Sep-19,11135.97,11210.72,11070.13,11203.14
16-Sep-19,11150.95,11188.16,11102.27,11135.23
17-Sep-19,11144.88,11144.96,10926.95,10944.63
18-Sep-19,10986.86,11011.91,10931.62,10974.26
19-Sep-19,10988.2,10988.2,10800.64,10834.23
20-Sep-19,10866.18,11521.15,10821.01,11433.03
23-Sep-19,11660.08,11843.65,11637.92,11749.21
24-Sep-19,11767.95,11800.04,11682.21,11732.28
25-Sep-19,11726.97,11726.97,11551.4,11574.79
26-Sep-19,11605.46,11743.71,11599.77,11708.22
27-Sep-19,11714.89,11731.53,11636.06,11643.87
30-Sep-19,11658.07,11658.07,11499.88,11580.94
01-Oct-19,11632.62,11664.91,11347.6,11465.32
03-Oct-19,11427.3,11477.22,11362.82,11418.39
04-Oct-19,11494.73,11496.57,11261.02,11272.27
07-Oct-19,11314.36,11316.47,11199.26,11212
09-Oct-19,11234.48,11404.09,11173.35,11396.81
10-Oct-19,11388.05,11388.05,11287.78,11309.46
11-Oct-19,11341.78,11433.22,11262,11376.73
14-Oct-19,11403.99,11491.06,11369.34,11409.15
15-Oct-19,11435.08,11533.76,11416.03,11498.81
16-Oct-19,11539.65,11559.68,11488.72,11539.89
17-Oct-19,11554.09,11693.5,11527.76,11680.09
18-Oct-19,11692.62,11791.05,11653.56,11769.28
22-Oct-19,11765.13,11822.03,11692.11,11704.58
23-Oct-19,11734.57,11765.45,11668.29,11720.75
24-Oct-19,11761.87,11790.42,11638.7,11687.4
25-Oct-19,11735.07,11744.13,11591.35,11681.39
27-Oct-19,11777.39,11779.28,11711.75,11731.96
29-Oct-19,11749.19,11916.18,11730.79,11893.54
30-Oct-19,11957.75,11991.23,11896.59,11955.95
31-Oct-19,12000.92,12064.95,11976.12,11999.14
01-Nov-19,12010.7,12044.44,11973.43,12012.72
04-Nov-19,12054.29,12108.17,12021.04,12051.55
05-Nov-19,12088.99,12094.22,11970.48,12020.93
06-Nov-19,12029.87,12107.07,11959.09,12067.21
07-Nov-19,12117.95,12129.8,12055.66,12116.79
08-Nov-19,12113.96,12136.24,11987.32,12003.44
11-Nov-19,12003.57,12033.71,11962.85,12015.36
13-Nov-19,12020.86,12054.53,11916.68,11932.61
14-Nov-19,11945.22,11981.14,11887.39,11956.47
15-Nov-19,11992.66,12051.84,11963.47,11974.71
18-Nov-19,11999.26,12025.7,11954.98,11971.84
19-Nov-19,12015.59,12040.93,11969.64,12020.43
20-Nov-19,12091.62,12119.82,12049.43,12081.51
21-Nov-19,12115.08,12118.27,12033.16,12043.66
22-Nov-19,12064.39,12064.39,11961.85,11995.07
25-Nov-19,12023.86,12168.97,12010.4,12158.28
26-Nov-19,12193.15,12222.1,12086.56,12113.56
27-Nov-19,12157.99,12195.83,12136.98,12183.46
28-Nov-19,12224.35,12250.38,12183.76,12242.58
29-Nov-19,12250.5,12250.84,12110.7,12142.8
02-Dec-19,12210.49,12215.12,12109.58,12133.19
03-Dec-19,12152.49,12157.99,12030.42,12063.71
04-Dec-19,12046.49,12124.76,12011.29,12115.49
05-Dec-19,12153.25,12156.43,12066.49,12082.68
06-Dec-19,12128.75,12128.75,11944.71,11973.64
09-Dec-19,12004.19,12036.4,11939.78,11989.12
10-Dec-19,12015.45,12015.45,11889.24,11898.27
11-Dec-19,11916.3,11964.09,11875.01,11950.77
12-Dec-19,11995.44,12055.63,11980.78,12019.91
13-Dec-19,12069.09,12154.06,12064.56,12141.86
16-Dec-19,12186.35,12190.52,12100.41,12105.72
17-Dec-19,12138.69,12231.67,12123.81,12216.83
18-Dec-19,12251.78,12283.02,12210.71,12268.64
19-Dec-19,12274.26,12309.77,12239.13,12298.65
20-Dec-19,12317.87,12336.28,12299.51,12319.53
23-Dec-19,12291.96,12338.45,12262.53,12311.08
24-Dec-19,12325.73,12331.86,12256.93,12266.67
26-Dec-19,12290.2,12290.2,12182.81,12190.4
27-Dec-19,12226.05,12320.08,12221.6,12310
30-Dec-19,12341.67,12353.17,12281.05,12318.93
31-Dec-19,12331.92,12332.02,12218.59,12236.19
01-Jan-20,12262.19,12289.86,12234.08,12251.58
02-Jan-20,12263.86,12363.88,12260.32,12357.77
03-Jan-20,12358.37,12358.79,12268.84,12302.38
06-Jan-20,12276.04,12276.04,12044.04,12061.12
07-Jan-20,12148.75,12228.28,12078.65,12121.53
08-Jan-20,12037.47,12113.83,11999.85,12101.3
09-Jan-20,12218.2,12302.8,12210.32,12294.53
10-Jan-20,12327.95,12388.88,12293.24,12335.44
13-Jan-20,12384.68,12417.39,12370.83,12412.2
14-Jan-20,12425.37,12458.45,12394.88,12448.12
15-Jan-20,12453.16,12453.16,12373.11,12439.33
16-Jan-20,12461.23,12490.04,12417.45,12453.44
17-Jan-20,12450.01,12487.48,12421.86,12455.78
20-Jan-20,12534.54,12536.11,12328.5,12333.88
21-Jan-20,12323.88,12342.72,12273.53,12281.79
22-Jan-20,12315.72,12337.17,12209.62,12224.61
23-Jan-20,12243.34,12318.61,12218.29,12310.9
24-Jan-20,12311.86,12408.67,12282.15,12382.17
27-Jan-20,12356.91,12361.82,12248.03,12258.35
28-Jan-20,12298.74,12306.51,12171.64,12198.27
29-Jan-20,12245.79,12314.18,12245.79,12278.24
30-Jan-20,12326.81,12326.81,12146.46,12167.07
31-Jan-20,12235.67,12236.92,12068.72,12082.99
01-Feb-20,12095.21,12150.92,11737.55,11767.64
03-Feb-20,11769.38,11868.12,11723.69,11823.94
04-Feb-20,11914.1,12093.7,11899.88,12086.08
05-Feb-20,12130.5,12216.96,12070.24,12208.89
06-Feb-20,12235.15,12295.91,12206.32,12271.4
07-Feb-20,12296.08,12296.08,12220.54,12245.44
10-Feb-20,12257.46,12258.61,12138.02,12176.27
11-Feb-20,12233.01,12308.05,12228.44,12236.18
12-Feb-20,12272.95,12351.95,12272.85,12313.98
13-Feb-20,12351.65,12351.67,12254.48,12286.92
14-Feb-20,12298.4,12356.82,12197.83,12215.13
17-Feb-20,12238.36,12252.58,12127.23,12134
18-Feb-20,12132.03,12132.03,11991.51,12081.93
19-Feb-20,12150.64,12235.21,12137.83,12226.79
20-Feb-20,12235.76,12270.64,12187.12,12194.91
24-Feb-20,12161.99,12161.99,11923.13,11941.07
25-Feb-20,11985.02,12001.83,11885.83,11903.01
26-Feb-20,11875.68,11887.67,11742.24,11777.28
27-Feb-20,11794.7,11794.7,11633.62,11729.59
28-Feb-20,11539.19,11539.19,11268.31,11292.68
02-Mar-20,11472.51,11541.36,11138.49,11238.01
03-Mar-20,11337.65,11454.07,11263.77,11421.33
04-Mar-20,11450.73,11468.55,11189.39,11358.32
05-Mar-20,11414.68,11497.91,11353.94,11379.84
06-Mar-20,11111.67,11142.18,10939.32,11098.96
09-Mar-20,10926.55,10926.55,10418.2,10550.18
11-Mar-20,10517.67,10650.69,10449.06,10549.73
12-Mar-20,10197.71,10197.71,9599.11,9677.35
13-Mar-20,9226.4,10224.41,8682.79,10039.47
16-Mar-20,9774.36,9774.36,9267.49,9298.47
17-Mar-20,9350.67,9512.81,9040.84,9089.4
18-Mar-20,9208.5,9245.24,8535.95,8595.44
19-Mar-20,8274.83,8677.89,7951.77,8363.61
20-Mar-20,8421.21,8966.99,8281.83,8827.11
23-Mar-20,8203.97,8246.35,7658.94,7683.09
24-Mar-20,7972.86,8089.19,7588.58,7866.16
25-Mar-20,7810.28,8401.18,7778.19,8343.22
26-Mar-20,8496.21,8792.61,8348.58,8730.92
27-Mar-20,8958.93,9083.57,8561.97,8692.8
30-Mar-20,8546.69,8619,8314.63,8355.56
31-Mar-20,8594.25,8742.73,8425,8668.98
01-Apr-20,8692.07,8692.08,8294.67,8347.45
03-Apr-20,8436.86,8443.29,8156.59,8179.94
07-Apr-20,8532.45,8895.03,8448.71,8873.88
08-Apr-20,8791.4,9228.87,8746.68,8857.67
09-Apr-20,9046.72,9238.01,9023.89,9221.36
13-Apr-20,9243.97,9243.97,9021.14,9107.74
15-Apr-20,9261.74,9384.54,9014.37,9066.57
16-Apr-20,9000.46,9198.48,8963.63,9146.57
17-Apr-20,9437.03,9457.97,9232.65,9403.81
20-Apr-20,9534.76,9535.24,9369.36,9395.55
21-Apr-20,9186.25,9186.25,9058.79,9117.63
22-Apr-20,9173.77,9333.75,9077.88,9318.17
23-Apr-20,9399.56,9465.01,9312.4,9430.67
24-Apr-20,9319.77,9407.81,9257.58,9267.78
27-Apr-20,9369.93,9485.71,9368.2,9403.74
28-Apr-20,9508.8,9521.59,9375.94,9490.49
29-Apr-20,9554.21,9695.7,9512.4,9652.77
30-Apr-20,9836.66,9973.05,9830.96,9951.25
04-May-20,9688.94,9688.94,9369.93,9392.99
05-May-20,9528.96,9556.77,9290.49,9305.34
06-May-20,9339.16,9434.68,9209.47,9375.23
07-May-20,9370.02,9384.77,9283.85,9298.51
08-May-20,9474.99,9477.43,9344.93,9356.93
11-May-20,9470.88,9542.5,9342.86,9360.25
12-May-20,9304.29,9360.08,9166.8,9315.32
13-May-20,9727.11,9727.92,9460.86,9495.33
14-May-20,9357.53,9410.96,9256.86,9280.23
15-May-20,9328.34,9328.34,9187.06,9263.88
18-May-20,9310.78,9310.78,8929.27,8943.57
19-May-20,9068.07,9143.88,8973.16,8996.56
20-May-20,8989.89,9204.88,8989.1,9185.18
21-May-20,9214.8,9297.07,9178.25,9227.95
22-May-20,9197.01,9273.51,9098.19,9159.29
26-May-20,9214.76,9272.45,9127.7,9158.69
27-May-20,9208.08,9424.93,9127.24,9410.8
28-May-20,9473.57,9605.74,9425.29,9587.64
29-May-20,9546.11,9712.76,9489.92,9697.9
01-Jun-20,9835.17,10031.61,9827.14,9936.37
02-Jun-20,9989.48,10087.42,9940.84,10076.3
03-Jun-20,10182.41,10268.93,10128.23,10154.33
04-Jun-20,10152.57,10226.9,10047.91,10136.37
05-Jun-20,10206.53,10282.3,10146.27,10251.64
08-Jun-20,10404.53,10427.48,10228.95,10273.12
09-Jun-20,10326.12,10402.17,10135.18,10162.7
10-Jun-20,10187.46,10252.4,10146.46,10226.23
11-Jun-20,10222.7,10230.47,10003.6,10018.44
12-Jun-20,9701.64,10116.58,9676.9,10095.64
15-Jun-20,10078.6,10078.6,9863.52,9941.34
16-Jun-20,10116.67,10161.82,9852.45,10028.55
17-Jun-20,9983.71,10119.71,9957.01,10009.08
18-Jun-20,9975.13,10207.17,9975.13,10190.58
19-Jun-20,10231.55,10366.19,10180.74,10341.91
22-Jun-20,10396.64,10497.9,10386.7,10424.44
23-Jun-20,10459.15,10598.76,10422.77,10585.58
24-Jun-20,10658.97,10677.14,10399.09,10423.5
25-Jun-20,10334.24,10481.61,10321.05,10415.93
26-Jun-20,10505.89,10538.4,10438.6,10502.48
29-Jun-20,10440.74,10451.88,10346.27,10425
30-Jun-20,10488.77,10513.91,10381.54,10410.76
01-Jul-20,10441.1,10543.24,10408.77,10527.66
02-Jul-20,10580.34,10685.31,10577.79,10648.43
03-Jul-20,10702.28,10727.45,10662.91,10707.56
06-Jul-20,10785.46,10880.43,10771.08,10836.82
07-Jul-20,10884.7,10893.6,10765.49,10878.57
08-Jul-20,10904.66,10929.39,10762.1,10788.89
09-Jul-20,10829.67,10906.91,10821.37,10887.97
10-Jul-20,10844.58,10901.87,10793.53,10843.66
13-Jul-20,10923.49,10962.15,10830.13,10878.29
14-Jul-20,10839.66,10840.71,10652.83,10693.12
15-Jul-20,10776.51,10899.72,10657.03,10697.23
16-Jul-20,10786.67,10821.07,10664.99,10808.12
17-Jul-20,10835.14,11004.4,10826.37,10978.62
20-Jul-20,11081.89,11105.94,11027.47,11090.72
21-Jul-20,11200.96,11234.36,11177.87,11216.45
22-Jul-20,11281.84,11287.4,11108.44,11185.72
23-Jul-20,11177.56,11287.31,11157.76,11267.7
24-Jul-20,11219.26,11260.06,11134.81,11232.51
27-Jul-20,11270.78,11270.78,11122.66,11163.28
28-Jul-20,11199.4,11338.56,11192.21,11323.78
29-Jul-20,11316.49,11367.34,11197.6,11249.5
30-Jul-20,11296.99,11341.4,11148.48,11168.32
31-Jul-20,11200.36,11222.57,11109.9,11158.96
03-Aug-20,11160.53,11160.78,10984.87,10991.48
04-Aug-20,11039.66,11196.01,11010.8,11182.96
05-Aug-20,11242.41,11309.89,11154.68,11190.95
06-Aug-20,11266.17,11339.28,11223.02,11296.44
07-Aug-20,11291.17,11334.17,11248.11,11317.51
10-Aug-20,11372.52,11443.97,11355.66,11387.93
11-Aug-20,11445.65,11489.02,11416.72,11433.17
12-Aug-20,11417,11435.66,11351.82,11424
13-Aug-20,11460.76,11480.38,11402.79,11437.52
14-Aug-20,11476.79,11502.21,11246.04,11314.16
17-Aug-20,11369.21,11397.52,11275.41,11381.94
18-Aug-20,11397.36,11529.46,11390.64,11516.18
19-Aug-20,11574.45,11592.8,11525.63,11542.72
20-Aug-20,11457.87,11502.51,11427.81,11457.56
21-Aug-20,11535.05,11565.42,11503.1,11511.48
24-Aug-20,11557.17,11617.99,11551.75,11589.5
25-Aug-20,11639.68,11655.58,11551.22,11601.09
26-Aug-20,11636.81,11681.46,11591.43,11671.26
27-Aug-20,11729.33,11741.24,11673.84,11690.14
28-Aug-20,11734.57,11813.01,11730.92,11772.45
31-Aug-20,11882.8,11912.46,11424.8,11480.92
01-Sep-20,11517.66,11636.51,11465.89,11576.19
02-Sep-20,11582.9,11664.19,11538.64,11645.34
03-Sep-20,11673.09,11694.96,11626.61,11646.65
04-Sep-20,11448.4,11572.12,11418.41,11446.31
07-Sep-20,11444.49,11492.32,11361.02,11458.4
08-Sep-20,11486.67,11537.97,11387.41,11414.54
09-Sep-20,11316.62,11398.94,11281.26,11380.54
10-Sep-20,11473.36,11557.81,11438.47,11547.24
11-Sep-20,11558.88,11593.62,11523.09,11569.34
14-Sep-20,11633.13,11677.4,11504.88,11558.18
15-Sep-20,11603.16,11663.04,11574.8,11648.51
16-Sep-20,11684.71,11743.25,11658.02,11732.07
17-Sep-20,11688.6,11718.76,11634.65,11650.48
18-Sep-20,11721.15,11723.44,11591.22,11647.17
21-Sep-20,11643.57,11668.82,11336.63,11367.76
22-Sep-20,11408.96,11411.66,11177.02,11266.68
23-Sep-20,11379.3,11382.69,11135.24,11241.97
24-Sep-20,11123.59,11129.41,10905.32,10922.35
25-Sep-20,11042.55,11206.31,10977.86,11183.76
28-Sep-20,11289.66,11391.32,11241.04,11379.06
29-Sep-20,11442.94,11461.31,11326.66,11366.73
30-Sep-20,11395.03,11438.2,11332.64,11391.75
01-Oct-20,11490.63,11566.34,11490.63,11554.38
05-Oct-20,11633.33,11696.65,11579.7,11629.13
06-Oct-20,11728.04,11787.64,11693.48,11775.47
07-Oct-20,11792.82,11856.08,11745.94,11832.79
08-Oct-20,11924.12,11979.47,11873.2,11920.36
09-Oct-20,11940.44,12008.02,11891.37,11985.51
12-Oct-20,12039.7,12075.58,11917.41,11977.24
13-Oct-20,11981.5,12033.76,11939.94,11969.49
14-Oct-20,11967.99,12030.31,11863.64,12006.9
15-Oct-20,12070.45,12070.45,11708.27,11724.14
16-Oct-20,11780.72,11834.2,11718.47,11814.59
19-Oct-20,11906.3,11940.3,11870.57,11926.75
20-Oct-20,11924.78,11997.57,11892.67,11955.87
21-Oct-20,12023.84,12068.2,11827.28,11984.08
22-Oct-20,11942.91,11989.5,11881.45,11954.61
23-Oct-20,12006.16,12029.67,11973.6,11993.48
26-Oct-20,11994.47,12008.64,11774.26,11827.38
27-Oct-20,11843.5,11962.12,11781.74,11955.02
28-Oct-20,11988.77,11990.54,11753.59,11791.12
29-Oct-20,11682.96,11809.54,11677.58,11746.26
30-Oct-20,11764.72,11826.92,11618.15,11720.76
02-Nov-20,11794.93,11802.71,11646.07,11749.97
03-Nov-20,11816.43,11910.97,11811.77,11888.13
04-Nov-20,11872.51,12003.92,11838.59,11986.28
05-Nov-20,12116.56,12202.48,12098.83,12196.06
06-Nov-20,12222.74,12338.29,12210.13,12323.17
09-Nov-20,12436.39,12527.58,12420.02,12515.79
10-Nov-20,12610.12,12675.56,12526.28,12665.01
11-Nov-20,12713.46,12803.27,12621.2,12789.09
12-Nov-20,12722.34,12789.13,12680.77,12745.1
13-Nov-20,12726.37,12792.4,12672.47,12784.27
14-Nov-20,12889.33,12893.89,12812.18,12842.44
17-Nov-20,12956.54,12973.28,12860.14,12932.7
18-Nov-20,12939.48,13011.66,12877.93,13001.34
19-Nov-20,12931.37,13038.32,12817.91,12839.33
20-Nov-20,12883.3,12959.34,12802.84,12928.27
23-Nov-20,13006.27,13042.96,12914.41,13003.39
24-Nov-20,13080.55,13144.89,13056.99,13125.27
25-Nov-20,13193.99,13214.72,12907.7,12929.68
26-Nov-20,12970.85,13094.41,12875.93,13065.99
27-Nov-20,13091.79,13125.38,13011.79,13050.61
01-Dec-20,13147.93,13223.79,13063.44,13205.51
02-Dec-20,13234.54,13235.32,13097.53,13225.93
03-Dec-20,13309.21,13321.41,13239.12,13267.86
04-Dec-20,13289.18,13403,13277.42,13386.97
07-Dec-20,13402.37,13505.6,13383.13,13495.98
08-Dec-20,13544.84,13572.06,13433.46,13526.34
09-Dec-20,13604.14,13674.19,13588.57,13650.01
10-Dec-20,13620.71,13632.47,13518.48,13611.82
11-Dec-20,13649.31,13708.38,13532.46,13643.32
14-Dec-20,13698.52,13729,13617.6,13691.91
15-Dec-20,13705.5,13719.97,13584.95,13705.6
16-Dec-20,13795.37,13833.59,13752.44,13825.34
17-Dec-20,13858.16,13909.26,13821.25,13862.47
18-Dec-20,13904.02,13904.03,13777.86,13888.05
21-Dec-20,13872.23,13895.38,13213.9,13428.5
22-Dec-20,13404.68,13605.31,13266.56,13580.77
23-Dec-20,13605.5,13750.75,13548.53,13732.48
24-Dec-20,13824.23,13890.57,13763.77,13870.75
28-Dec-20,13932.87,14004.13,13932.4,13993.71
29-Dec-20,14037.44,14085.32,13970.24,14046.41
30-Dec-20,14097.69,14105.6,13973.96,14091.87
31-Dec-20,14096.4,14132.92,14056.67,14100.47
01-Jan-21,14114.51,14176.86,14111.6,14149.78
04-Jan-21,14225.72,14294.84,14099.45,14282.52
05-Jan-21,14234.12,14385.33,14189.64,14370.24
06-Jan-21,14422.58,14422.58,14213.13,14326.63
07-Jan-21,14431.78,14443.07,14325.94,14342.12
08-Jan-21,14448.78,14570.31,14432.82,14553.65
11-Jan-21,14681.87,14686.15,14571.05,14677.39
12-Jan-21,14676.12,14772.74,14630.8,14746.39
13-Jan-21,14825.1,14837.52,14590.8,14729.25
14-Jan-21,14722.35,14777.84,14642.31,14760.7
15-Jan-21,14783.97,14793.98,14516.9,14593.13
18-Jan-21,14600.74,14612.04,14367.93,14417.1
19-Jan-21,14514.27,14689.76,14507.8,14671.2
20-Jan-21,14710.61,14813.14,14670.66,14792.51
21-Jan-21,14885.66,14912.13,14659.58,14730.22
22-Jan-21,14738.08,14775.01,14511.82,14524.2
25-Jan-21,14649.06,14651.62,14370.23,14392.02
27-Jan-21,14407.95,14408.39,14086.81,14126.45
28-Jan-21,13959.26,14066.5,13900.2,13998.92
29-Jan-21,14158.17,14158.99,13757.51,13797.78
01-Feb-21,13891.68,14470.16,13812.67,14425.29
02-Feb-21,14601.93,14855.6,14601.78,14793.38
03-Feb-21,14916.24,15010.35,14730.6,14930.31
04-Feb-21,14933.94,15065.87,14882.3,15049.54
05-Feb-21,15170.03,15170.03,15001.78,15045.3
08-Feb-21,15165.23,15276.61,15165.23,15242.13
09-Feb-21,15285.5,15375.53,15188.87,15235.39
10-Feb-21,15257.12,15296.87,15112.6,15250.81
11-Feb-21,15216.33,15324.56,15206.37,15312.27
12-Feb-21,15344.1,15378.6,15221.16,15301.47
15-Feb-21,15410.39,15478.35,15398.9,15461.07
16-Feb-21,15532.58,15573.28,15385.64,15462.27
17-Feb-21,15441.51,15469.99,15334,15379.69
18-Feb-21,15446.78,15446.78,15267.58,15304.71
19-Feb-21,15283.81,15320.71,15061.43,15143.81
22-Feb-21,15150.48,15177.43,14804.37,14844.32
23-Feb-21,14924.31,15029.84,14826.65,14903.09
24-Feb-21,14933.92,15176.49,14865.63,15153.52
25-Feb-21,15276.44,15338.57,15243.61,15269.66
26-Feb-21,15047.53,15105.02,14657.16,14723.98
01-Mar-21,14910.34,14992.64,14837.74,14954.22
02-Mar-21,15074.84,15168.08,14964.43,15127.04
03-Mar-21,15252.47,15462.6,15214.89,15438.34
04-Mar-21,15263.03,15413.37,15202.13,15301.23
05-Mar-21,15214.49,15309.13,15066.55,15142.05
08-Mar-21,15230.37,15313.76,15124.57,15157.2
09-Mar-21,15237.64,15309.42,15097.82,15263.59
10-Mar-21,15376.84,15385.87,15274.13,15350.06
12-Mar-21,15457.23,15499.15,15136.05,15207.8
15-Mar-21,15217.67,15231.02,14918.85,15104.65
16-Mar-21,15168.99,15218.43,15077.31,15100.58
17-Mar-21,15117.45,15134.84,14867.91,14891.18
18-Mar-21,14999.47,15038.57,14637.96,14716.71
19-Mar-21,14617.63,14948.47,14485.8,14912.87
22-Mar-21,14917.55,14943.81,14786.98,14919.25
23-Mar-21,14961.32,15064.77,14905.47,15008.2
24-Mar-21,14937.15,14957.25,14729.38,14743.58
25-Mar-21,14753.18,14764.66,14441.56,14505.95
26-Mar-21,14653.54,14747.5,14593.5,14688.57
30-Mar-21,14785.11,15022.83,14785.11,14988.52
31-Mar-21,14971.26,14971.53,14845.26,14863.54
01-Apr-21,14974.34,15060.25,14870.43,15044.5
05-Apr-21,15046.67,15048.1,14637.73,14811.37
06-Apr-21,14889.71,14952.22,14754.62,14869.66
07-Apr-21,14898.94,15065.85,14852.52,15018.66
08-Apr-21,15090.46,15191.37,15036.45,15087.93
09-Apr-21,15098.92,15134.94,15006.17,15051.16
12-Apr-21,14842.02,14845.77,14423.97,14482.35
13-Apr-21,14513.42,14705.68,14456.5,14686.22
15-Apr-21,14670.62,14779.58,14525.29,14756.53
16-Apr-21,14801.81,14885.87,14742.81,14808.45
19-Apr-21,14536.76,14561.53,14378.96,14541.92
20-Apr-21,14701.58,14720.33,14403.57,14495.1
22-Apr-21,14436.05,14606.97,14362.26,14589.25
23-Apr-21,14536.65,14649.36,14463.33,14533.08
26-Apr-21,14623.3,14731.34,14613.93,14672.24
27-Apr-21,14699.19,14857.81,14690.72,14839.96
28-Apr-21,14893.46,15062.29,14893.25,15039.11
29-Apr-21,15143.74,15219.29,14992.89,15064.61
30-Apr-21,14961.72,15046.18,14806.03,14833.77
03-May-21,14719.46,14875.12,14625.91,14840.38
04-May-21,14902.84,14934.68,14679.86,14713.37
05-May-21,14814.62,14869.64,14730.57,14851.05
06-May-21,14921.11,14974.73,14846.24,14956.58
07-May-21,15031.17,15083.52,14990.17,15038.96
10-May-21,15129.73,15191.32,15117.15,15170.68
11-May-21,15043.77,15148.43,15009.21,15104.97
12-May-21,15122.66,15122.66,14917.47,14966.84
14-May-21,15039.49,15039.49,14841.12,14926.61
17-May-21,15010.07,15175.88,14969.54,15162.61
18-May-21,15292.26,15381.88,15291.19,15358.8
19-May-21,15338.71,15393.85,15281.58,15300.75
20-May-21,15323.88,15345.89,15166.57,15188.31
21-May-21,15278.59,15437.81,15267.39,15425.63
24-May-21,15482.06,15514.94,15405.7,15463.23
25-May-21,15554.24,15563.82,15432.32,15476.21
26-May-21,15545.64,15575.68,15463.93,15555.19
27-May-21,15599.89,15636.23,15532.43,15596.86
28-May-21,15684.29,15718.99,15649.5,15677.05
31-May-21,15705.2,15845.06,15628.75,15822.33
01-Jun-21,15867.11,15899.22,15757.97,15807.7
02-Jun-21,15773.49,15862.65,15723.24,15843.01
03-Jun-21,15925.37,15975.15,15888.09,15962.62
04-Jun-21,16000.35,16009.44,15903.12,15952.56
07-Jun-21,16006.55,16062.08,15968.21,16036.39
08-Jun-21,16074.42,16075.13,15967.08,16038.11
09-Jun-21,16082.41,16105.5,15854.38,15928.35
10-Jun-21,15993.74,16056.93,15951.25,16046.12
11-Jun-21,16106.4,16140.27,16048.06,16100.4
14-Jun-21,16092.02,16120.88,15879.77,16104.91
15-Jun-21,16168.52,16201.64,16146.17,16169.14
16-Jun-21,16176.73,16185.54,16039.73,16063.33
17-Jun-21,15949.84,16069.56,15904.99,15977.89
18-Jun-21,16038.02,16042.87,15704.66,15951.82
21-Jun-21,15805.96,16034.54,15761.84,16020.16
22-Jun-21,16120.17,16173.07,16030.8,16049.49
23-Jun-21,16146.94,16146.99,15948.91,15961.3
24-Jun-21,16019.28,16065.12,15981.46,16038.06
25-Jun-21,16094.23,16132.61,16036.46,16120.78
28-Jun-21,16186.61,16186.69,16077.25,16097.09
29-Jun-21,16117.46,16131.88,16010.39,16033.41
30-Jun-21,16073.86,16121.99,15998.5,16009.72
01-Jul-21,16059.22,16059.22,15964.74,15977.59
02-Jul-21,16019.69,16027.98,15944.5,16015.1
05-Jul-21,16084.28,16141.18,16062.16,16131.1
06-Jul-21,16137.66,16215.72,16096.57,16114.01
07-Jul-21,16131.43,16196.33,16073.75,16178.85
08-Jul-21,16182.85,16195.4,15991.16,16035.77
09-Jul-21,16025.45,16045.03,15951.27,16015.65
12-Jul-21,16094.26,16116.26,15979.97,16026.44
13-Jul-21,16116.42,16133.38,16066.75,16125.31
14-Jul-21,16140.91,16179.04,16082.44,16159.16
15-Jul-21,16181.15,16252.02,16173.85,16225.84
16-Jul-21,16256.78,16266.55,16195.94,16231.16
19-Jul-21,16090.15,16161.63,16022.95,16073.58
20-Jul-21,16043.54,16055.26,15895.97,15952.39
22-Jul-21,16051.67,16166.46,16046.9,16154.77
23-Jul-21,16202.09,16224.92,16098.01,16180.24
26-Jul-21,16191.7,16223.8,16127.82,16154.93
27-Jul-21,16202.9,16215.13,16025.24,16070.37
28-Jul-21,16110.89,16110.89,15842.12,16040.87
29-Jul-21,16117.24,16142.96,16075.59,16105.99
30-Jul-21,16147.06,16208.93,16086.72,16108.48
02-Aug-21,16209.64,16255.5,16187.16,16246.7
03-Aug-21,16306.37,16492.66,16286.26,16476.95
04-Aug-21,16551.53,16623.07,16531.25,16565.62
05-Aug-21,16625.1,16640.43,16504.98,16597.54
06-Aug-21,16608.39,16645.03,16534.57,16551.04
09-Aug-21,16593.88,16623.26,16467.24,16546.16
10-Aug-21,16575.18,16637.06,16462.3,16546.58
11-Aug-21,16589.07,16606.13,16403.62,16549.51
12-Aug-21,16585.37,16642.95,16553.24,16636.11
13-Aug-21,16662.43,16787.37,16654.35,16769.5
16-Aug-21,16790.36,16829.3,16728.49,16803.52
17-Aug-21,16807.01,16872.52,16730.66,16856.34
18-Aug-21,16933.24,16946.47,16795.22,16820.74
20-Aug-21,16687.3,16764.42,16629.42,16669.13
23-Aug-21,16775.74,16802.05,16594.81,16691.77
24-Aug-21,16735.71,16851.1,16700.91,16837.27
25-Aug-21,16877.59,16920,16830.07,16850.59
26-Aug-21,16876.34,16902.17,16817.01,16853.24
27-Aug-21,16849.25,16950.45,16793.01,16934.9
30-Aug-21,16999.8,17195.92,16994.88,17178.24
31-Aug-21,17213.7,17395.63,17163.36,17375.21
01-Sep-21,17441.24,17475.39,17324.22,17347.53
02-Sep-21,17379.04,17518.78,17339.87,17508.78
03-Sep-21,17553.31,17611.43,17494.05,17595.27
06-Sep-21,17685.41,17696.86,17621.71,17644.29
07-Sep-21,17689.09,17698.23,17550.09,17623.32
08-Sep-21,17645.44,17650.4,17524.74,17626.63
09-Sep-21,17605.93,17657.84,17577.93,17650.27
13-Sep-21,17651.8,17662.65,17554.76,17640.13
14-Sep-21,17727.85,17732.25,17670.4,17685.78
15-Sep-21,17722.42,17834.54,17699.38,17822.83
16-Sep-21,17875.9,17938.69,17813.24,17925.37
17-Sep-21,18006.75,18082.9,17819.03,17870.68
20-Sep-21,17752.72,17900.99,17624.07,17657.73
21-Sep-21,17682.69,17835.99,17581.03,17817.11
22-Sep-21,17876.01,17891.58,17804.13,17838.39
23-Sep-21,17969.66,18126.91,17944.4,18107.99
24-Sep-21,18187.33,18224.6,18071.67,18103.33
27-Sep-21,18175.59,18182.5,18045.44,18107.41
28-Sep-21,18169.42,18170.05,17833.89,17998.66
29-Sep-21,17893.3,18031.14,17858.92,17963.09
30-Sep-21,18010.42,18010.42,17850.72,17880.57
01-Oct-21,17821.58,17832.12,17721.11,17805.09
04-Oct-21,17912.87,18023.97,17869.32,17982.1
05-Oct-21,17992.01,18118.13,17941.52,18109.52
06-Oct-21,18179.84,18179.84,17892.49,17926.09
07-Oct-21,18060.88,18148.96,18052.89,18088.79
08-Oct-21,18182.62,18226.96,18121.61,18170.09
11-Oct-21,18204.9,18330.84,18132.87,18242.8
12-Oct-21,18245.58,18320.8,18172.51,18307.85
13-Oct-21,18427.42,18537.78,18385.06,18499.75
14-Oct-21,18625.64,18680.69,18588.29,18667.9
18-Oct-21,18849.22,18873.46,18785.61,18799.75
19-Oct-21,18926.88,18926.88,18649.77,18691.77
20-Oct-21,18715.68,18725.8,18444.42,18512.62
21-Oct-21,18610.98,18624.92,18280.38,18420.56
22-Oct-21,18467.27,18548.85,18249.89,18331.72
25-Oct-21,18473.73,18475.11,18135.53,18306.66
26-Oct-21,18325.19,18510.55,18308.28,18471.55
27-Oct-21,18522.8,18561.35,18389.49,18432.63
28-Oct-21,18412.47,18412.47,18009.89,18071.53
29-Oct-21,18048.87,18159.94,17819.72,17921.27
01-Nov-21,18013.46,18193.8,17941.15,18178.55
02-Nov-21,18255.04,18258.84,18115.89,18155.55
03-Nov-21,18226.02,18254.13,18028.08,18112.54
04-Nov-21,18251.1,18251.1,18193.16,18208.9
08-Nov-21,18298.61,18388.99,18134.48,18371.26
09-Nov-21,18398.39,18422.99,18301.1,18365.6
10-Nov-21,18326.75,18393.95,18252.88,18350.79
11-Nov-21,18335.45,18335.7,18140.55,18214.29
12-Nov-21,18316.13,18455.24,18248,18438.05
15-Nov-21,18494.57,18543.93,18417.92,18454.31
16-Nov-21,18478.61,18490.84,18324.35,18360.74
17-Nov-21,18327.61,18399.78,18256.02,18276.43
18-Nov-21,18276.4,18322.89,18040.65,18117.26
22-Nov-21,18146.34,18160.75,17608.58,17755.97
23-Nov-21,17635.24,17913.98,17567.31,17869.96
24-Nov-21,17927.92,17973.5,17725.43,17786.2
25-Nov-21,17804.34,17932.36,17708.33,17909.13
26-Nov-21,17750.87,17751.03,17339.25,17373.88
29-Nov-21,17314.38,17487.72,17091.88,17372.32
30-Nov-21,17381.15,17657.48,17262.19,17319.15
01-Dec-21,17413.98,17532.89,17386.01,17494.04
02-Dec-21,17533.44,17732.86,17501,17715.94
03-Dec-21,17745.02,17805.17,17520.56,17535.24
06-Dec-21,17560.49,17561.26,17223.38,17240.51
07-Dec-21,17356.42,17576.9,17319.25,17507.66
08-Dec-21,17658.14,17811.19,17649.18,17796.52
09-Dec-21,17861.73,17873.03,17717.5,17843.97
10-Dec-21,17816.14,17869.34,17751.43,17851.03
13-Dec-21,17953.21,17989.92,17707.48,17716.31
14-Dec-21,17658.97,17718.33,17570.24,17680.78
15-Dec-21,17687.65,17705.59,17549.12,17570.17
16-Dec-21,17698.3,17720.69,17519.29,17581.8
17-Dec-21,17608.67,17617.25,17259.53,17277.57
20-Dec-21,17124.82,17126.66,16667.44,16874.25
21-Dec-21,17012.73,17203.34,16963.16,17048.86
22-Dec-21,17133.72,17263.75,17108.92,17246.33
23-Dec-21,17352.86,17410.49,17320.25,17371.47
24-Dec-21,17449.03,17460.38,17206.79,17284.37
27-Dec-21,17241.31,17382.62,17115,17360.29
28-Dec-21,17460.76,17527.9,17440.16,17512.27
29-Dec-21,17519.96,17565.25,17454.03,17485.1
30-Dec-21,17474.81,17523.65,17426.15,17452.26
31-Dec-21,17477.66,17665.53,17473.04,17625.51
03-Jan-22,17657.48,17905.14,17656.73,17883.66
04-Jan-22,17944.01,18058,17842.5,18037.68
05-Jan-22,18057.13,18175.31,17989.31,18156.12
06-Jan-22,18025.7,18045.13,17910.95,18013.5
07-Jan-22,18071.21,18171.36,17979.81,18092.28
10-Jan-22,18185.09,18279.99,18154.52,18270.1
11-Jan-22,18262.19,18349.54,18229.77,18331.54
12-Jan-22,18454.5,18501.58,18401.62,18486.84
13-Jan-22,18526.74,18554.03,18439.94,18539.43
14-Jan-22,18494.33,18572.03,18409.56,18541.16
17-Jan-22,18557.3,18611.23,18517.85,18595.87
18-Jan-22,18646.34,18654.77,18357.81,18389.8
19-Jan-22,18409.37,18413.96,18168.34,18235.26
20-Jan-22,18233.93,18233.93,17971.93,18079.68
21-Jan-22,17965.85,18005.47,17767.98,17902.55
24-Jan-22,17897.88,17897.88,17242.18,17396.16
25-Jan-22,17290.34,17572.26,17069.8,17542.68
27-Jan-22,17400.3,17442.79,17129.55,17370.09
28-Jan-22,17518,17657.49,17359.03,17382.69
31-Jan-22,17585.37,17694.98,17556.27,17618.04
01-Feb-22,17803.09,17891.42,17532.37,17861.7
02-Feb-22,17979.6,18069.48,17953.91,18053.67
03-Feb-22,18046.2,18051.02,17811.27,17849.52
04-Feb-22,17883.45,17911.32,17750.36,17806.24
07-Feb-22,17795.36,17843.25,17436.33,17531.41
08-Feb-22,17589.87,17627.11,17345.95,17549.73
09-Feb-22,17654.37,17763.91,17638.21,17754.68
10-Feb-22,17849.99,17910.27,17708.95,17880.5
11-Feb-22,17746.48,17746.48,17581.03,17637.7
14-Feb-22,17233.24,17345.51,17051.09,17085.96
15-Feb-22,17175.41,17617.76,17060.5,17596.69
16-Feb-22,17664.43,17745.25,17524.23,17570.01
17-Feb-22,17648.13,17695.67,17498.62,17564.66
18-Feb-22,17460.33,17628.09,17460.33,17513.07
21-Feb-22,17420.11,17565.74,17285.9,17410.87
22-Feb-22,17029.28,17344.8,17021.77,17302.74
23-Feb-22,17396.91,17445.85,17271.26,17300.94
24-Feb-22,16773.05,16919.15,16409.41,16449.78
25-Feb-22,16686.68,16983.64,16686.68,16897.98
28-Feb-22,16754.99,17063.69,16591.22,17043.27
02-Mar-22,16887.25,16958.5,16764.93,16883
03-Mar-22,17044.65,17067.81,16738.47,16787.72
04-Mar-22,16670.8,16728.07,16413.39,16513.75
07-Mar-22,16191.41,16203.08,15958.62,16105.11
08-Mar-22,16020.35,16280.04,15917.16,16262.84
09-Mar-22,16393.34,16664.5,16266.44,16586.33
10-Mar-22,17024.52,17024.52,16706.22,16849.71
11-Mar-22,16798.23,16939.83,16735.61,16892.37
14-Mar-22,16909.84,17104.72,16846.86,17089.18
15-Mar-22,17132.22,17154.16,16787.36,16893.23
16-Mar-22,17116.68,17234.54,17083.45,17222.03
17-Mar-22,17440.85,17578.04,17421.75,17531.68
21-Mar-22,17593.2,17610.59,17336.77,17351.23
22-Mar-22,17364.96,17548.89,17225.39,17532.36
23-Mar-22,17607.3,17659.5,17434.83,17472.57
24-Mar-22,17363.98,17533.59,17347.85,17474.88
25-Mar-22,17541.09,17552.29,17339.96,17423.18
28-Mar-22,17459.14,17486.12,17267.43,17474.36
29-Mar-22,17545.16,17593.39,17492.36,17578.86
30-Mar-22,17691.63,17776.51,17648.77,17746.83
31-Mar-22,17782.8,17813.04,17696.05,17723.94
01-Apr-22,17729.56,17983.75,17705.86,17950.06
04-Apr-22,18079.48,18342.34,18078.1,18327.05
05-Apr-22,18400.25,18408.56,18256.32,18288.83
06-Apr-22,18211.58,18258.76,18145.82,18178.2
07-Apr-22,18139.33,18200.35,17999.7,18015.69
08-Apr-22,18105.66,18246.44,18008.92,18195.18
11-Apr-22,18201.98,18231.92,18112.59,18158.06
12-Apr-22,18122.86,18122.86,17899.49,17989.53
13-Apr-22,18096.17,18129.94,17930.08,17951.3
18-Apr-22,17706.98,17727.64,17554.22,17681.47
19-Apr-22,17768,17807.57,17315.92,17442.95
20-Apr-22,17545.55,17673.19,17471.37,17614.82
21-Apr-22,17740.57,17883.34,17700.68,17864.45
22-Apr-22,17758.06,17790.52,17632.83,17652.38
25-Apr-22,17504.07,17520.11,17350.12,17414.89
26-Apr-22,17562.95,17725.39,17552.81,17703.61
27-Apr-22,17598.01,17610.35,17446.59,17521.05
28-Apr-22,17679.32,17810.2,17552.67,17740.84
29-Apr-22,17828.61,17863.4,17523.25,17574.51
02-May-22,17405.57,17556.02,17385.51,17537.73
04-May-22,17586.95,17603.42,17063.72,17120.28
05-May-22,17302.88,17391.45,17104.52,17143.05
06-May-22,16879.06,16924.08,16774.1,16852.36
09-May-22,16674.03,16807.12,16554.83,16693.19
10-May-22,16650.44,16769.62,16531.62,16570.67
11-May-22,16620,16685.87,16315.64,16512.83
12-May-22,16389.81,16390.88,16058.19,16134.11
13-May-22,16327.59,16436.06,16057.98,16103.87
16-May-22,16179.25,16312.87,16063.7,16198.64
17-May-22,16311.85,16645.93,16269.97,16622.35
18-May-22,16710.35,16777.58,16585.14,16605.31
19-May-22,16244.86,16328.25,16128.48,16161.58
20-May-22,16391.96,16603.29,16372.22,16588.32
23-May-22,16635.97,16737.01,16502.05,16527.99
24-May-22,16550.99,16579.33,16384.06,16434.12
25-May-22,16499.64,16527.37,16280.17,16302.2
26-May-22,16368.22,16506.1,16163.57,16466.8
27-May-22,16609.48,16651.23,16512.23,16638.32
30-May-22,16812.99,16985.25,16801.28,16964.94
31-May-22,16902.68,17008.83,16834.38,16887.92
01-Jun-22,16889.5,16948.92,16722.12,16810.26
02-Jun-22,16818.2,16935.54,16735.06,16920.5
03-Jun-22,17048.89,17077.65,16822.71,16835.73
06-Jun-22,16795.75,16857.22,16680.71,16819.88
07-Jun-22,16741.57,16744.55,16616.98,16676.27
08-Jun-22,16743.46,16773.05,16552.32,16611.74
09-Jun-22,16517.01,16747.58,16493.99,16735.73
10-Jun-22,16577.8,16586.87,16443.15,16470.88
13-Jun-22,16154.96,16155.96,15967.7,16051.03
14-Jun-22,15956.47,16147.67,15934.82,16014.37
15-Jun-22,16027.45,16086.54,15978.48,15993.38
16-Jun-22,16135.89,16168.48,15631.4,15662.05
17-Jun-22,15574.59,15692.45,15460.88,15562.65
20-Jun-22,15591.76,15629.24,15433.75,15567.53
21-Jun-22,15666.23,15950.45,15651.41,15897.82
22-Jun-22,15815.94,15823.62,15633.86,15658.68
23-Jun-22,15705.23,15878.48,15617.9,15810.86
24-Jun-22,15927.26,15995.79,15878.35,15963.31
27-Jun-22,16174.58,16186.21,16080.59,16092.24
28-Jun-22,16014.31,16152.53,15964.39,16123.11
29-Jun-22,15969.32,16110.95,15956.61,16053.39
30-Jun-22,16026.48,16142.6,15976.44,16014.13
01-Jul-22,15970.79,16052.99,15762.82,16014.96
04-Jul-22,16007.25,16131.5,15936.43,16114.4
05-Jul-22,16194.44,16307.13,16071.21,16096.46
06-Jul-22,16104.18,16325.07,16087.13,16302.5
07-Jul-22,16420.93,16463.31,16357.94,16448.37
08-Jul-22,16564.03,16576.97,16464.21,16530.58
11-Jul-22,16475.82,16581.57,16440.54,16546.17
12-Jul-22,16493.13,16506.35,16379.58,16400.73
13-Jul-22,16493.18,16493.37,16313.54,16328.97
14-Jul-22,16382.35,16422.68,16212.18,16305.97
15-Jul-22,16366.94,16436.34,16300.09,16421.18
18-Jul-22,16514.88,16663.03,16511.05,16653.33
19-Jul-22,16581.59,16736.3,16574.01,16718.36
20-Jul-22,16922.03,16954.76,16849.47,16877.09
21-Jul-22,16886.53,17016.49,16848.74,16999.86
22-Jul-22,17047.38,17117.26,16993.24,17089.1
25-Jul-22,17053.33,17080.38,16947.75,17010.77
26-Jul-22,17027.27,17027.27,16827.18,16845.96
27-Jul-22,16845.66,17023.69,16808.19,17013.03
28-Jul-22,17126.93,17306.13,17113.23,17290.88
29-Jul-22,17418.71,17543.52,17386.93,17530.28
01-Aug-22,17606.96,17736.53,17525.08,17721.46
02-Aug-22,17702.99,17764.75,17604.26,17717.62
03-Aug-22,17730.89,17762.31,17588.47,17744.57
04-Aug-22,17811.53,17860.28,17524.58,17754.71
05-Aug-22,17790.76,17850.7,17730.28,17775.34
08-Aug-22,17786.66,17924.35,17742.55,17897.17
10-Aug-22,17935.73,17939.76,17813.69,17898.99
11-Aug-22,18044.43,18083.24,18001.65,18027.45
12-Aug-22,18015.31,18105.96,17980.15,18077.71
16-Aug-22,18146.43,18236.22,18146.03,18226.71
17-Aug-22,18259.34,18378.45,18248.5,18358.86
18-Aug-22,18317.45,18393.16,18278.29,18381.48
19-Aug-22,18400.61,18419.64,18137.26,18176.47
22-Aug-22,18095.37,18101.28,17862.45,17886.76
23-Aug-22,17717.15,18032.5,17709.86,17985.08
24-Aug-22,17940.9,18041.28,17904.81,18020.37
25-Aug-22,18085.46,18149.68,17916.09,17947.73
26-Aug-22,18031.65,18118.46,17960.44,17994.66
29-Aug-22,17517.95,17828.23,17517.69,17768.04
30-Aug-22,17853.11,18239.96,17849.79,18222.39
01-Sep-22,17999.77,18177.07,17962.13,18038.91
02-Sep-22,18104.51,18142.36,17991.3,18029.82
05-Sep-22,18034.63,18157.18,18033.72,18136.96
06-Sep-22,18158.75,18236.84,18072.88,18152.18
07-Sep-22,18043.35,18155.57,18026,18133.45
08-Sep-22,18233.52,18296.11,18186.31,18290.24
09-Sep-22,18390.88,18417.48,18267.69,18317.75
12-Sep-22,18353.83,18476.34,18353.83,18438.06
13-Sep-22,18524.28,18585.6,18513.73,18567.78
14-Sep-22,18231.37,18599.57,18231.11,18520.65
15-Sep-22,18564.26,18626.14,18400.88,18429.23
16-Sep-22,18344.52,18371.3,18005.81,18046.97
19-Sep-22,18033.41,18181.14,17926.52,18130.13
20-Sep-22,18252.73,18441.79,18252.73,18330.77
21-Sep-22,18275.08,18373.17,18162.16,18210.87
22-Sep-22,18099.29,18231.34,18032.23,18148.58
23-Sep-22,18121.94,18169,17798.24,17827.88
26-Sep-22,17655.6,17685.39,17433.91,17478.29
27-Sep-22,17539.22,17648.19,17396.7,17477.72
28-Sep-22,17359.93,17518.35,17297.45,17337.41
29-Sep-22,17458.45,17523.02,17268.71,17303.76
30-Sep-22,17254.86,17650.64,17214.82,17574.98
03-Oct-22,17571.28,17597.77,17293.02,17339.96
04-Oct-22,17568.58,17747.37,17568.58,17739.08
06-Oct-22,17819.01,17901.86,17795.5,17809.95
07-Oct-22,17772.84,17807.59,17680.67,17789.34
10-Oct-22,17556.05,17742.25,17526.77,17703.54
11-Oct-22,17718.58,17724.23,17403.24,17430.96
12-Oct-22,17471.3,17593.16,17399.89,17573.5
13-Oct-22,17545.92,17569.07,17399.09,17457.51
14-Oct-22,17722.07,17774.7,17584.57,17601.7
17-Oct-22,17549.36,17736.41,17498.42,17722.93
18-Oct-22,17820.15,17931.95,17820.15,17901.52
19-Oct-22,17964.84,18025.2,17886.7,17925.49
20-Oct-22,17844.62,18005.42,17826.37,17983.77
21-Oct-22,18027.44,18071.88,17910.16,17969.62
24-Oct-22,18118.78,18170.72,18094.41,18112.23
25-Oct-22,18149.89,18169.68,18036.92,18049.71
27-Oct-22,18121.52,18190.46,18065.56,18151.16
28-Oct-22,18149.18,18232.97,18117.06,18179.61
31-Oct-22,18253.24,18418.81,18253.24,18405.94
01-Nov-22,18482.46,18565.57,18460.46,18553.5
02-Nov-22,18556.6,18577.01,18460.69,18491.03
03-Nov-22,18372,18517.4,18364.78,18471.99
04-Nov-22,18442.72,18542.48,18426.87,18527.35
07-Nov-22,18594.32,18663.94,18473.18,18611.28
09-Nov-22,18648.26,18690.97,18521.03,18562.46
10-Nov-22,18428.56,18508.57,18357.38,18419.65
11-Nov-22,18619.69,18731.05,18619.69,18720.26
14-Nov-22,18713.82,18768.96,18691.1,18711.17
15-Nov-22,18710.6,18790.76,18652.96,18769.58
16-Nov-22,18726.44,18790.35,18678.46,18746.63
17-Nov-22,18697.56,18753.03,18642.85,18671.21
18-Nov-22,18702.58,18725.61,18527.2,18620.91
21-Nov-22,18560.87,18563.12,18450.32,18478.46
22-Nov-22,18470.03,18578.11,18459.28,18567.16
23-Nov-22,18655.07,18655.9,18576.44,18594.14
24-Nov-22,18631.85,18831.51,18626.66,18797.34
25-Nov-22,18812.23,18844.63,18758.91,18820.85
28-Nov-22,18749.31,18929.12,18736.6,18876.86
29-Nov-22,18838.35,18983.89,18838.35,18925.6
30-Nov-22,18944.59,19139.77,18929.02,19081.7
01-Dec-22,19153.67,19198.89,19103.65,19137.18
02-Dec-22,19064.43,19104.89,18983.06,19042.62
05-Dec-22,19045.26,19067.98,18930.55,19045.17
06-Dec-22,18938.21,19004.16,18936.87,18990.73
07-Dec-22,18990.83,19034.04,18897.15,18924.46
08-Dec-22,18949.16,18994.67,18912.83,18973.6
09-Dec-22,19011.84,19033.66,18768.07,18860.9
12-Dec-22,18757.62,18883.75,18709.55,18861.16
13-Dec-22,18914.05,18965.19,18862.03,18953.87
14-Dec-22,18996.41,19049.85,18994.18,19013.72
15-Dec-22,18978.71,19009.78,18750.86,18775.74
16-Dec-22,18690.7,18801.12,18599.94,18612.56
19-Dec-22,18623.89,18781.77,18586.16,18769.64
20-Dec-22,18716.09,18752.19,18553.74,18730.2
21-Dec-22,18806.15,18826.64,18490.76,18526.57
22-Dec-22,18573.57,18646.45,18378.08,18439.26
23-Dec-22,18250.01,18353.72,18047.59,18076.84
26-Dec-22,18039.77,18389.07,18036.43,18316.83
27-Dec-22,18406.97,18465.5,18286.49,18448.49
28-Dec-22,18417.48,18491.59,18386.22,18443.33
29-Dec-22,18364.4,18516.61,18299.76,18495.35
30-Dec-22,18556.74,18585.75,18396.94,18425.17
02-Jan-23,18449.12,18528.73,18403.77,18513.84
03-Jan-23,18491.47,18571.39,18475.26,18554.58
04-Jan-23,18553.91,18563.86,18335.56,18352.74
05-Jan-23,18406.87,18429.45,18212.55,18316.06
06-Jan-23,18323.04,18367.61,18120.72,18182.48
09-Jan-23,18264.42,18442.27,18261.02,18408.36
10-Jan-23,18423.98,18425.42,18176.36,18235.18
11-Jan-23,18246.88,18294.67,18147.98,18215.39
12-Jan-23,18223.01,18266.19,18090.58,18183.93
13-Jan-23,18210.43,18312.64,18103.48,18274.09
16-Jan-23,18338.96,18358.67,18170.88,18209.24
17-Jan-23,18224.26,18359.16,18199.71,18345.11
18-Jan-23,18363.92,18464.12,18325.13,18449.47
19-Jan-23,18400.58,18438.53,18353.87,18392.75
20-Jan-23,18398.33,18424,18294.41,18303.82
23-Jan-23,18366.59,18431.58,18340.51,18394.37
24-Jan-23,18437.79,18474.13,18359.56,18387.69
25-Jan-23,18344.18,18361.2,18108.78,18148.16
27-Jan-23,18140.43,18140.97,17738.22,17852.25
30-Jan-23,17786.23,17972.21,17655.79,17888.98
31-Jan-23,17965.46,17976.64,17810.22,17935.75
01-Feb-23,18063.24,18236.35,17595.52,17861.68
02-Feb-23,17806.67,17913.25,17699.31,17863.07
03-Feb-23,17959.11,18089.7,17801.11,18074.47
06-Feb-23,18072.5,18072.5,17941.58,18012.2
07-Feb-23,18008.97,18057.93,17902.31,17968.24
08-Feb-23,17985.26,18143.12,17983.12,18117.65
09-Feb-23,18129,18158.03,18032.69,18133.11
10-Feb-23,18093.95,18126.68,18053.28,18105.4
13-Feb-23,18096.69,18127.64,17958.79,17996.67
14-Feb-23,18024.75,18155.34,18009.59,18132.93
15-Feb-23,18118.22,18244.72,18067.92,18222.33
16-Feb-23,18301.25,18342.04,18231.19,18262.33
17-Feb-23,18175.2,18250.68,18115.15,18165.54
20-Feb-23,18181.33,18221.39,18049.45,18072.73
21-Feb-23,18101.45,18154.48,18030.86,18054.48
22-Feb-23,17976.08,17997.24,17758.73,17780.92
23-Feb-23,17784.97,17836.04,17668.93,17739.48
24-Feb-23,17805.13,17823.47,17649.44,17694.83
27-Feb-23,17654.65,17666.14,17508.98,17609.37
28-Feb-23,17619.92,17655.56,17496.15,17538.2
01-Mar-23,17580.97,17710,17577.14,17693.17
